Customer_ID,Age,Gender,Income_Level,Transaction_ID,Purchase_Date,Product_ID,Product_Category,Brand,Purchase_Amount,Average_Spending_Per_Purchase,Purchase_Frequency_Per_Month,Brand_Affinity_Score,Product_Category_Preferences,Month,Year,Season,Will_Purchase_Next_Month,Gender_Normalized,Income_Level_Normalized,Brand_Normalized,Product_Category_Preferences_Normalized,Season_Normalized,Recency,Recency_Score
fdf79bcd-5908-4c90-8501-570ffb5b7648,0.63,2,0,462925b1-a5bf-4996-bda2-59749de64eea,2021-12-09,9ab75a68-4329-4bd9-a259-2233c0f34c93,0,0,0.38,1.0,0.89,0.0,0,0.53,0.47,0,1,0.67,0.0,0.0,0.0,0.0,722.0,2
2e74b84d-d06c-4920-a3a9-38e4a11e8da8,0.58,0,2,4c45da65-bd62-486e-aeff-31f8959e0987,2023-06-03,e47f58c8-c6e9-40ed-9ce8-31af73b91fb5,0,1,0.54,0.14,1.0,0.22,1,0.27,0.92,0,1,0.0,0.67,0.33,0.33,0.0,181.0,2
309ab6ee-9364-4a64-9785-77717415ed5f,0.06,0,2,62001db5-24fa-49d8-b570-928124a181d9,2022-01-07,b66cae99-a5b0-4ca9-9aff-6f57ff1bf421,0,2,0.48,0.22,0.78,0.44,3,0.73,0.15,2,1,0.0,0.67,0.67,1.0,0.5,693.0,2
ffb65cd7-4329-4abb-b076-05eb7cf933e0,0.81,1,1,27a18611-855f-4db3-ad4e-77b008695f09,2022-06-25,,0,1,0.22,0.27,0.33,0.33,0,0.82,0.04,2,1,0.33,0.33,0.33,0.0,0.5,524.0,2
34f7ac8d-fd91-4813-bf4d-e7b18264e442,0.89,1,2,b6c5589a-483a-403f-9cf2-b0ae77b15fbf,2021-11-27,70729d29-d37a-4bda-9081-c49d9dd47f30,0,2,0.74,0.08,0.11,0.78,2,0.36,0.4,2,1,0.33,0.67,0.67,0.67,0.5,734.0,2
0d187b13-1a29-4421-ae2c-c0c378cc8910,0.02,0,1,58740f61-e34e-4fa6-a72e-a0052e39650d,2022-04-05,20d9b5b4-f26d-4442-ac20-a1d384cd0bc4,0,1,0.98,0.35,0.5,0.44,0,0.64,0.48,2,0,0.0,0.33,0.33,0.0,0.5,605.0,2
b3edefd3-68f1-4d4c-a182-28ea8231d858,0.13,2,0,4fd31d6c-ba4d-4fac-84f8-3d4d94f8a155,2020-03-04,b8c2a74e-93eb-4f21-800f-f67367a1bae9,0,2,0.51,0.38,1.0,1.0,0,0.45,0.19,2,1,0.67,0.0,0.67,0.0,0.5,1367.0,2
9649b4e5-3d50-4863-bbe2-c3c4d9355d6d,0.98,1,2,7fe28782-64a3-4f6e-9a0e-b86475279ab9,2023-05-19,61e7872d-7e07-4695-9eb2-468827b50988,0,2,0.85,0.69,0.89,0.78,2,0.91,0.89,2,1,0.33,0.67,0.67,0.67,0.5,196.0,2
e1b8b270-b93e-419c-a11e-0142fe28352f,0.03,2,1,8618ea6a-45b9-4566-8b80-97ac1a6e6ffd,2020-10-07,f69fb90d-252a-4b87-b248-2392186b7461,0,0,0.21,0.94,0.78,1.0,0,0.27,0.3,0,1,0.67,0.33,0.0,0.0,0.0,1150.0,2
63eb2677-331d-447a-84ce-6cdacaa9697b,0.5,3,2,a909a9bf-92ca-4c66-a71a-a394331ad87c,2021-01-18,e4ce8ba9-4af0-4564-8f65-3b3f4b40f8c4,0,1,0.56,0.76,1.0,0.48,2,0.0,0.43,3,1,1.0,0.67,0.33,0.67,0.75,1047.0,2
a08cfc43-6894-4e2d-ab24-f3b979870131,0.58,2,1,296b0239-90cc-4ba3-8bf9-52e6899f4146,2020-05-23,c5253ea0-ed4d-4cbd-9ff8-f7a34badf22c,0,2,0.23,0.83,0.22,0.78,0,0.91,0.57,1,1,0.67,0.33,0.67,0.0,0.25,1287.0,2
1fef3e6a-d744-4e6f-9983-f63848056623,0.74,2,0,421b5d92-5fc9-4fda-9b9a-7b5b345518af,2023-11-19,66c73737-2280-482a-9d50-a763917bd515,0,0,0.73,0.06,0.33,0.67,2,1.0,0.42,3,1,0.67,0.0,0.0,0.67,0.75,12.0,0
770efdf7-649f-4630-8c21-81b1769bbc22,0.53,0,2,91c4bc92-36a3-4d05-9ba7-0f6833a75144,2021-01-23,8a94337d-ed25-4625-bacb-288cdfba1d4e,0,1,0.41,0.0,0.33,0.56,2,0.53,0.47,2,1,0.0,0.67,0.33,0.67,0.5,1042.0,2
62d231e3-a9d8-4511-86f8-dc3907b4b012,0.08,0,2,c48a8cf8-9452-41fb-aa72-2afa50b88da8,2023-04-07,,0,2,0.76,0.88,0.44,0.78,0,0.55,0.3,3,1,0.0,0.67,0.67,0.0,0.75,238.0,2
30deefb7-9854-4dad-b41c-d265257f6611,0.69,0,2,2c47b18c-3714-47cb-9e80-32cd0d14f794,2021-05-04,f39a420f-0362-42c2-b2e5-ac44c98b599a,0,2,0.98,0.48,0.11,0.67,1,0.36,0.62,0,1,0.0,0.67,0.67,0.33,0.0,941.0,2
dfecc88c-862c-4f44-8aad-6db70c360fd4,0.08,2,0,b4f72a03-f38c-4258-8710-f67ba022cb0f,2021-12-08,,0,1,0.45,0.56,1.0,0.56,0,0.18,0.6,3,1,0.67,0.0,0.33,0.0,0.75,723.0,2
6c4791cf-e915-4215-89f3-984b18f4d43b,0.61,1,1,e6a994dd-0800-42af-b465-3c81a5c73e6c,2022-04-30,258ded30-c8c6-4590-a1a9-41e2d9a1d765,0,2,0.23,0.28,1.0,0.11,2,0.27,0.42,3,1,0.33,0.33,0.67,0.67,0.75,580.0,2
f3c06ff9-706b-421c-af92-f689c5103a48,0.26,0,0,0a07d639-c2e3-48d6-b740-216719b74c88,2023-09-12,c14cb3a4-a9df-474e-9802-38a8030262c8,0,1,0.75,0.96,0.11,0.56,2,0.55,0.04,1,1,0.0,0.0,0.33,0.67,0.25,80.0,2
eb8a2bc6-5e24-439f-b199-87bbbd022b1f,0.24,0,1,71aee0da-d72e-4d5b-83e3-0c4e0bc79393,2023-04-05,2c8d5a35-64b8-4ee7-bee7-6afeb3dbe3b3,0,1,0.49,0.31,0.11,0.33,1,0.53,0.04,2,1,0.0,0.33,0.33,0.33,0.5,240.0,2
14c03eeb-82a2-4366-bfe5-0b65e4da40fb,0.63,2,1,7bee9463-80f3-4e42-851a-171b28393011,2021-07-01,cfc6e641-df4c-43f3-8f24-359df66da6c9,0,0,0.6,0.34,0.11,0.89,0,0.18,0.48,2,1,0.67,0.33,0.0,0.0,0.5,883.0,2
12c1a84c-3cec-4afd-bed8-b42bc9653373,0.63,2,2,9b97a731-9401-44e2-8568-d3da5a42c76e,2021-01-18,4d56e07b-fa2e-4e8a-8b52-5d8dfb4b0c04,0,0,0.71,0.21,0.89,0.67,0,0.91,0.49,0,1,0.67,0.67,0.0,0.0,0.0,1047.0,2
d8977215-5dff-47b4-b9c5-6ba93ee6f8ee,0.97,2,2,26064172-624e-4db0-af76-954e6080a19f,2021-03-12,936d9c66-3672-4e53-b042-d96f6054376e,0,0,0.48,0.14,0.22,0.56,0,0.18,0.68,3,1,0.67,0.67,0.0,0.0,0.75,994.0,2
02e27bf9-dd37-49ab-8b4c-51b4a7f80284,0.48,3,1,09b76b10-fb1a-40c6-9024-296a1b58cad2,2021-10-08,9724b7f2-bba5-4060-8e46-493d80c8a8c8,0,0,0.65,0.08,0.5,0.0,2,0.09,0.89,3,0,1.0,0.33,0.0,0.67,0.75,784.0,2
342a6628-4939-4bf9-af9f-160bbc2af784,0.44,2,1,5b745649-9761-4617-8268-03f018123912,2022-02-17,d8aa805d-517b-4f74-8ecd-df998161e7ff,0,2,0.21,0.73,0.67,0.33,2,0.82,0.58,1,1,0.67,0.33,0.67,0.67,0.25,652.0,2
44082b12-e792-42a3-8b1f-0f7ee7feca33,0.98,2,1,3ed0b3d3-9344-41c8-a3b4-8c81e39a8fd3,2020-09-30,87d3dabf-49e7-4095-9301-481e548dfece,0,1,0.01,0.44,1.0,0.22,0,0.64,0.08,0,1,0.67,0.33,0.33,0.0,0.0,1157.0,2
e3111985-6473-41b9-b5a3-76c6219cb310,0.44,1,0,b5823545-d423-4311-8406-fe3176acbe83,2020-03-04,441de3f7-9190-48ec-b8dc-1cf70db85211,0,1,0.67,0.66,0.5,0.0,0,0.27,0.04,0,0,0.33,0.0,0.33,0.0,0.0,1367.0,2
30d8d6bf-ca05-436c-a798-03c864d24a48,0.02,0,0,4f5d44de-9966-4eda-9897-10ec1fd71b12,2021-01-26,8bcf86d3-0bda-4379-ab92-25c4650c11d9,0,2,0.88,0.32,0.78,0.33,2,0.55,0.15,0,1,0.0,0.0,0.67,0.67,0.0,1039.0,2
3d209798-2331-4299-82a9-db4df182ee77,0.92,0,1,6c2a5c5e-d9db-4b49-a801-d519b222fc41,2020-05-06,0b2b8d7d-f153-4677-9043-88d699be36f4,0,1,0.94,0.73,1.0,0.78,0,0.09,0.79,3,1,0.0,0.33,0.33,0.0,0.75,1304.0,2
0d02b3c7-9b57-41e3-9b04-503b608070e0,0.51,1,2,60d5f405-8db0-45b5-a15b-70f62c801b7e,2020-03-04,286ba4e3-e630-4874-9e82-fdc558e726d5,0,1,0.75,0.65,0.0,0.44,0,0.55,0.83,0,0,0.33,0.67,0.33,0.0,0.0,1367.0,2
ced995ec-7b22-42cf-8bde-a01e338af788,0.29,2,1,6af6a227-5058-4591-bb1a-41914c2f09b9,2022-02-08,f963d8ad-4c7b-4afb-95d7-a8fc53235170,0,2,0.06,0.48,0.89,0.11,1,0.0,0.94,0,1,0.67,0.33,0.67,0.33,0.0,661.0,2
525aac7e-f3b4-4770-8a99-4e87508fdab8,0.65,1,2,f4d1e7c4-8993-48ea-97b2-564fb0080db2,2021-05-09,e178347b-30a7-4a0b-96d2-9ed36f764c5c,0,1,0.48,0.29,0.44,0.56,1,0.91,0.53,0,1,0.33,0.67,0.33,0.33,0.0,936.0,2
67042955-cd46-486e-98d8-77e619bc0c10,0.48,2,0,5934a92e-a52c-4bc1-8278-fe276ceed4b5,2023-05-31,0bc351c8-0baa-44bb-8950-d191a3628aa1,0,1,0.72,0.63,0.56,0.67,3,0.27,0.36,0,1,0.67,0.0,0.33,1.0,0.0,184.0,2
b6d90f65-7daf-4847-9e88-14cb2af9a7eb,0.52,0,0,f1dbdc8c-fd10-4ebf-aa0f-5c612a7ff3ac,2023-09-26,ab337f62-0eb2-4104-911b-6ec10fa11c2a,0,1,0.24,0.22,0.5,0.0,2,0.0,0.36,0,0,0.0,0.0,0.33,0.67,0.0,66.0,2
c54f02eb-65a5-40c7-b01b-1c82ce0ddb9a,0.47,1,0,c48b0e0c-2e44-43a7-ab68-2a4c1aed88e8,2020-01-08,3526aba0-ac41-4211-abbc-5cc20b82228f,0,1,0.43,0.35,0.33,0.33,1,0.36,0.62,1,1,0.33,0.0,0.33,0.33,0.25,1423.0,2
,0.24,1,0,38ed9cc1-9c48-4510-b974-26d40889e7bc,2022-11-04,3625683b-a716-4fe7-96c1-da91c7444957,0,2,0.51,0.36,1.0,0.56,0,0.36,0.02,3,1,0.33,0.0,0.67,0.0,0.75,392.0,2
69a93c72-9137-4d35-9145-434a81ff3638,0.03,0,1,d54c28f7-2930-4cc8-afd9-b129c8195fb0,2020-07-11,7713f519-a344-460b-8491-acc93a5a2c93,0,0,0.14,0.37,1.0,0.78,0,0.18,0.77,0,1,0.0,0.33,0.0,0.0,0.0,1238.0,2
140ef8e3-29a7-4603-a9af-6d368ed51737,0.03,2,0,72e78370-2b66-4238-9f23-c5a789e3377b,2020-01-17,c13a75bf-33cd-456d-bd4b-63efbef6a2cc,0,2,0.7,0.54,0.11,0.33,1,0.55,0.72,1,1,0.67,0.0,0.67,0.33,0.25,1414.0,2
a5c0e559-d63c-4d38-9565-b9d45c193059,0.56,0,1,7aa564fd-713b-4afb-84c0-4ae27f908ffd,2020-10-25,f0dbc483-6641-41f5-980a-6f79abe48ee4,0,0,0.37,0.47,0.22,0.78,1,0.09,0.55,2,1,0.0,0.33,0.0,0.33,0.5,1132.0,2
01050591-9416-48d7-9d1d-d0136252eeca,0.51,2,0,83626b4f-da64-423e-ab1d-2ccef43f276c,2023-04-11,61d40f48-c15d-4540-87d4-2cfc6edb2ce7,0,0,0.42,0.08,0.78,0.67,2,0.27,0.45,3,1,0.67,0.0,0.0,0.67,0.75,234.0,2
deaf2b34-760e-47a6-80bb-4905a7fc5cf4,0.87,1,1,802b0170-ddca-421c-8902-c80d9ce57c6d,2023-09-18,01c4158c-e742-4a4f-bead-364766cefeda,0,0,0.12,0.34,0.56,0.56,0,0.73,0.83,0,1,0.33,0.33,0.0,0.0,0.0,74.0,2
bcea824b-47d2-487b-894e-a63c4861b903,0.52,2,1,f24feace-fe9f-4f75-a884-c0ffb0e321b1,2021-09-05,0df838fd-cee9-4222-aa14-b9a0f38e4f96,0,1,0.18,0.88,0.33,1.0,2,0.64,0.17,1,1,0.67,0.33,0.33,0.67,0.25,817.0,2
dea4e51c-7528-44fe-9a57-deed1bc9da42,0.32,1,2,07d3028e-2aa0-44c5-bb39-3ee59a559e08,2020-09-14,a57f7eb1-0b14-46c2-9172-ff427ddb57e2,0,0,0.96,0.54,0.22,1.0,0,0.36,0.83,1,1,0.33,0.67,0.0,0.0,0.25,1173.0,2
a566be69-e046-47d3-b12a-aedb0a4c2e9c,0.71,2,1,,2020-04-10,84b5c7e4-da50-40a1-ac0c-0037c13c8d3f,0,0,0.38,0.04,0.89,1.0,2,0.91,0.21,2,1,0.67,0.33,0.0,0.67,0.5,1330.0,2
156e7bd8-8ef4-4590-8529-cbc20edc9afc,0.85,1,0,63766f4f-687e-4d3d-9873-424f646ccbed,2020-03-04,6c11db95-d118-41ca-a49a-a2a8d8bc74af,0,2,0.86,0.42,0.22,0.78,1,0.55,0.47,0,1,0.33,0.0,0.67,0.33,0.0,1367.0,2
a3b453e3-c788-414f-ad27-c979827883c0,0.71,0,0,825c45b3-bc70-48f0-a6af-e91612e831d1,2021-08-14,4a03f346-582a-460b-8cb3-81f1824ae09e,0,0,0.48,0.22,0.11,1.0,2,0.73,0.7,0,1,0.0,0.0,0.0,0.67,0.0,839.0,2
18d17fac-1524-492f-b708-e23e202567ac,0.39,2,1,d6eaa948-f7e3-4f4a-a302-f010c11f0e01,2021-11-23,a6e86427-ee83-437b-8ce8-8869e62100a4,0,2,0.58,0.6,0.22,0.78,1,0.91,0.38,0,1,0.67,0.33,0.67,0.33,0.0,738.0,2
7f2eca2b-ae6f-49ed-95f5-91faf27290d3,0.44,2,0,daffa458-3d52-4b9f-9db2-a9e8851a568e,2020-12-06,bfc5d2c7-d3f7-48ea-a47c-367720df4979,0,1,0.65,0.14,0.89,0.56,0,0.53,0.51,1,1,0.67,0.0,0.33,0.0,0.25,1090.0,2
57d7d9d6-587b-49a7-866f-dd1c0592beb3,0.53,2,2,947317fe-1c16-40f3-8400-4265404d665f,2020-03-05,4754f127-289f-4216-9635-6443f0e1a608,0,0,0.85,0.38,0.22,0.44,1,0.73,0.4,1,1,0.67,0.67,0.0,0.33,0.25,1366.0,2
9ebbf79c-dd6d-4e60-84b1-334ce794ee61,0.85,0,1,a79873f1-0169-4c32-8496-d9c0805c8ee2,2022-07-08,c6117d43-64a3-4f54-9b73-28b6afd9da21,0,2,0.58,0.19,1.0,0.0,0,0.55,0.0,0,1,0.0,0.33,0.67,0.0,0.0,511.0,2
53fb5a0b-d35b-470d-827d-20d064fd939a,0.95,2,2,57d5faa9-152a-4e0b-b89a-4ff1e9dca7da,2022-11-16,d318ccff-a92b-4908-805c-e34769a8ff66,0,1,0.66,0.71,0.44,1.0,0,0.45,0.62,2,1,0.67,0.67,0.33,0.0,0.5,380.0,2
e9c4a03a-d7a0-4204-9e55-0306e0f2535f,0.48,1,2,4ddfbea0-7b48-4f8f-96e4-9a3c91cb2e72,2020-11-26,42277ee2-4ddd-45aa-b7f1-f386ed73459b,0,1,0.92,0.98,0.33,0.0,0,0.91,0.64,1,1,0.33,0.67,0.33,0.0,0.25,1100.0,2
9d157e44-e671-4452-a2fa-90346a488efc,0.53,1,0,05e86628-12a8-42b4-bb23-7ac36b30087c,2020-11-22,e04ddb7a-4c72-4204-81ad-a441b6985b80,0,1,0.0,0.43,0.33,0.48,0,0.27,0.26,1,1,0.33,0.0,0.33,0.0,0.25,1104.0,2
77f5debf-e45a-44e7-8145-69d853d5fdd2,0.0,1,0,e9c3617c-e6f1-4619-9f07-115ad2c566fe,2021-01-28,5831fad7-7195-4c28-91ff-88385b27708b,0,2,0.35,0.85,0.78,0.33,2,0.09,0.23,2,1,0.33,0.0,0.67,0.67,0.5,1037.0,2
e78baae6-8b0d-4cfb-90fb-8ab59cd569ff,0.52,2,0,91bb6ce5-dec6-4700-b7f3-838ce8a574e1,2021-05-19,858e8140-e586-42c3-ac84-7988dd639dbe,0,0,0.51,0.18,0.5,0.56,1,0.82,0.17,3,0,0.67,0.0,0.0,0.33,0.75,926.0,2
d05151fa-c36c-4251-83fe-69603b6f5631,0.05,1,2,08244798-2fe6-458b-9429-7df6aa2be324,2023-09-26,47d3283e-5ce7-4592-a50e-2a341d8b020e,0,0,0.07,0.49,0.78,0.11,2,0.53,0.64,2,1,0.33,0.67,0.0,0.67,0.5,66.0,2
0210eb39-97ab-4c64-a994-ff743929c5a6,0.21,2,1,342e504b-dd43-4a65-be35-32da9daa69cb,2023-07-10,b80ef05f-85c2-4aca-b18e-e0fb62cdf2c7,0,1,0.35,0.67,0.67,0.48,2,0.36,1.0,3,1,0.67,0.33,0.33,0.67,0.75,144.0,2
9b181925-0afe-42af-810f-0db796ecd86c,0.45,1,1,140cd528-c6d1-4866-a41b-eb597a877635,2023-08-18,8d7f563c-e0a5-4fa9-a9a9-7e58b6dfb86a,0,1,0.37,0.36,0.56,0.48,0,0.73,0.34,3,1,0.33,0.33,0.33,0.0,0.75,105.0,2
8d8abac4-bcaa-4744-9080-e19b80b3f04e,0.19,2,1,292c5c6e-44bd-436b-b4aa-852645abe788,2022-07-06,4a079c92-14ba-4970-bf3c-d0fd48818593,0,0,0.48,0.24,0.44,0.78,0,0.36,0.47,1,1,0.67,0.33,0.0,0.0,0.25,513.0,2
f1943819-5678-4465-bc93-671f5ec21e9a,0.97,2,0,c6334701-efa1-4001-8166-84c4d5bddd8c,2022-12-02,a7645407-130d-4576-85b3-215196ef1dea,0,3,0.93,0.57,0.22,0.22,0,0.91,0.26,3,1,0.67,0.0,1.0,0.0,0.75,364.0,2
1028a9e9-b92d-4b05-9ba6-2a1c6d643fe9,0.56,1,2,531c1c75-79b4-4620-98db-e625d363febb,2023-06-22,e43c5053-444c-4497-addf-d3078aa6d119,0,1,0.4,0.84,0.67,0.56,2,0.55,0.81,3,1,0.33,0.67,0.33,0.67,0.75,162.0,2
2ab7533a-0608-4226-8dda-7b3187e7a8b3,0.81,1,0,8bcdc89b-28ab-4e1f-8f7c-a4496b745f7c,2020-10-07,e365c6d9-ba5d-47b3-b7e2-5eb10b0be5cb,0,2,0.32,0.84,0.22,0.44,1,1.0,0.43,0,1,0.33,0.0,0.67,0.33,0.0,1150.0,2
901935cd-96a6-4b56-8c36-4aeddba1abdc,0.79,2,2,0d08dfb5-db06-4ebe-bfb1-30e526387e7a,2021-08-18,5a8b8b31-7a54-47d1-a9e8-48f6413a3b68,0,2,0.9,0.78,0.44,1.0,1,0.36,0.55,1,1,0.67,0.67,0.67,0.33,0.25,835.0,2
8377a897-a123-4a23-8b89-0540b2eaea36,0.92,2,2,561a7ac7-7aa9-42ed-90e4-2c3d524221cd,2020-03-04,3787f62f-33ab-482a-9ecf-dd678670213f,0,2,0.8,0.22,0.67,0.33,0,0.45,0.25,0,1,0.67,0.67,0.67,0.0,0.0,1367.0,2
60fd5e7e-2b75-47ab-97c4-49f4d20c37bf,0.55,2,1,248af2d4-6c67-4b6a-82e9-b5550d4a90d9,2022-05-01,1f00b366-9a6c-47cc-b3b9-7c97edbedaec,0,1,0.88,0.38,0.89,0.33,1,0.53,0.04,2,1,0.67,0.33,0.33,0.33,0.5,579.0,2
abdfb803-c41f-4ac4-844f-79c1d1cf148f,0.65,0,1,a9df1b70-3e6e-4b33-904e-8cd7f9fea520,2020-12-29,69d177e0-ac91-44dc-b787-18b02aa45580,0,2,0.37,0.07,0.22,0.56,1,0.27,0.25,0,1,0.0,0.33,0.67,0.33,0.0,1067.0,2
ee73ddc9-925d-43c8-a450-a72f561162f0,0.32,2,2,12d16e7f-5c94-4228-a1eb-65ca1d194082,2023-07-14,33477f94-697e-4c5f-a3b9-712d5919a4e3,0,0,0.84,0.01,0.11,0.22,2,0.53,0.34,0,1,0.67,0.67,0.0,0.67,0.0,140.0,2
92cc8c4e-0bde-4d6c-aec1-7d2c23ea34dd,0.48,2,1,e3c9159a-e072-4e74-989d-a2838c8652e9,2021-09-21,be411ff4-74e6-4c57-afbd-189d490d552a,0,1,0.91,0.44,1.0,0.78,0,0.64,0.89,2,1,0.67,0.33,0.33,0.0,0.5,801.0,2
8150e749-044d-4f45-ab6d-4372ca237228,0.58,0,2,0b447f33-e5d3-4e77-b233-0a8cff8a6eb7,2023-07-13,93797df9-bef6-4603-a0e4-470c9c5e6fac,0,2,0.01,0.88,0.44,0.11,0,0.18,0.85,2,1,0.0,0.67,0.67,0.0,0.5,141.0,2
7e4c17d5-5924-4d87-b545-a54d17222d54,0.15,1,0,82437ddc-8cc4-4a98-9ddf-e454548041b9,2021-05-30,3865552e-49a4-484d-a18e-c3c199c3b870,0,0,0.69,0.71,0.11,0.22,0,0.36,0.87,3,1,0.33,0.0,0.0,0.0,0.75,915.0,2
3aeb5791-33e7-4de2-ab85-31684090fa0d,0.05,0,0,69716393-1aa1-4bae-9b89-c5817db35d09,2023-01-01,abef1ed3-599b-4bb2-bb22-8895d67e478e,0,1,0.62,0.14,1.0,0.11,2,0.09,0.47,1,1,0.0,0.0,0.33,0.67,0.25,334.0,2
83df6d37-48c2-4de9-874d-07a820e422bb,0.13,2,0,3fb3574b-ec65-43bb-83e9-e9c4d01986d5,2020-11-21,ba602bbf-840d-469b-bb27-3bb88f302b1b,0,0,0.79,0.08,0.56,0.89,2,0.53,0.4,1,1,0.67,0.0,0.0,0.67,0.25,1105.0,2
1489de99-62fd-4178-bd91-9f5140a317a0,0.53,2,0,5a13ce37-07fc-45f5-8315-4d509c4740d9,2022-08-25,b6dabfdc-3111-4fb8-b539-683969265057,0,0,0.15,0.34,1.0,0.33,2,0.82,0.48,0,1,0.67,0.0,0.0,0.67,0.0,463.0,2
08c66521-ef56-4af1-8fa0-0e2848800883,0.53,0,0,670f7e28-114b-474f-b02b-eabfaf153b1c,2020-02-21,e71d457a-4a50-4640-b031-ef674ddaab50,0,2,0.41,0.18,1.0,0.33,1,0.36,0.08,1,1,0.0,0.0,0.67,0.33,0.25,1379.0,2
f98360f7-6c81-4e88-a2df-562adc2e3cd1,0.82,0,1,4f597927-207c-48d9-b9c0-6a138b872037,2022-09-25,4a46d0d4-be46-4388-aa5e-c1b529516a47,0,1,0.96,0.65,0.44,0.22,0,0.27,0.48,3,1,0.0,0.33,0.33,0.0,0.75,432.0,2
e09a26dd-91ff-4b52-8aa8-f09daf1b1f34,0.39,1,2,df501e05-ef94-4937-8b13-a2058f89f880,2022-11-02,,0,3,0.5,0.69,0.0,0.33,2,0.27,0.96,1,0,0.33,0.67,1.0,0.67,0.25,394.0,2
21b11d41-34fb-4961-94cb-b4e65628b9b2,0.66,2,1,b17a6ab2-0e84-4269-8c6b-a899df3de91d,2020-04-01,d5fd4f49-5d98-451e-9a77-c19e04313920,0,2,0.25,0.36,0.5,0.33,1,0.27,0.94,3,0,0.67,0.33,0.67,0.33,0.75,1339.0,2
6403cd7d-f85a-45f0-8045-bebf2298f732,0.21,1,1,2f335e4b-c4c9-4808-ab3f-510ecfe72979,2020-04-09,31dee86b-1435-4113-a2d3-9016d2153f28,0,2,0.6,0.28,0.78,0.78,2,0.53,0.21,0,1,0.33,0.33,0.67,0.67,0.0,1331.0,2
4d70ef0b-017c-46c4-89cf-427f7b06eb7e,0.65,1,0,dee437b5-d303-4b59-aa7d-6b5eaa011df0,2020-04-06,2243ccd1-ca32-45e9-977a-a637113f64a8,0,0,0.03,0.27,0.33,0.78,2,1.0,0.72,1,1,0.33,0.0,0.0,0.67,0.25,1334.0,2
ef8a9033-a683-42c7-8b9e-2839973aea00,0.52,2,1,2924de96-84a7-4f09-a086-da77082f80ce,2020-10-25,ee4ededa-d4a5-468d-9024-13d153eba68b,0,0,0.77,0.24,0.56,0.56,1,0.91,0.58,2,1,0.67,0.33,0.0,0.33,0.5,1132.0,2
a26c554a-0cbc-415a-afa2-1afa43e89246,0.26,1,2,477251e5-d61b-495a-84aa-efa10dd278ef,2023-08-07,79f26be5-7417-498a-924f-c6fa97c35d7c,0,2,0.65,0.32,0.22,1.0,1,0.09,0.89,3,1,0.33,0.67,0.67,0.33,0.75,116.0,2
96690f37-8da5-4805-954c-63ff908fcd85,0.32,2,2,,2020-06-16,ab9f76f2-9fa3-4133-9ec8-b882e419f095,0,0,0.86,0.86,1.0,0.89,0,0.45,0.23,2,1,0.67,0.67,0.0,0.0,0.5,1263.0,2
623cd192-ba77-4f7a-9ff2-56bef2c0f5b7,0.94,1,1,0fc465df-ce84-4cb7-9d66-b81ccd8dc489,2020-12-20,054cb4ff-b5e7-44cc-a80e-d5d10fc12959,0,0,0.52,0.21,0.33,1.0,0,0.45,0.21,2,1,0.33,0.33,0.0,0.0,0.5,1076.0,2
ad9a172b-1e7b-4094-b345-f529fe7390ae,0.73,2,2,c9dd56fa-6cbc-444b-8efe-1248a835f7d2,2023-05-11,b732feb2-d455-4165-9348-424264376f28,0,0,0.48,0.82,0.67,0.67,2,0.91,0.3,2,1,0.67,0.67,0.0,0.67,0.5,204.0,2
a237c9f1-02ec-4045-a215-5a0814892f56,0.9,2,0,2e768bb2-2f21-41d1-9e23-a56c45bfc6d7,2022-02-01,e953aa08-66ab-491b-8138-5b01459bf7ff,0,0,0.16,0.16,0.0,0.48,1,0.91,0.79,1,0,0.67,0.0,0.0,0.33,0.25,668.0,2
0280b25c-8378-476e-a9f6-875424fe390a,0.61,2,1,0b434fba-da7c-4140-bb76-77bdaab0cc32,2023-03-01,b203fcc9-fc2c-4863-9882-55330c2fa56a,0,0,0.43,0.6,0.67,0.44,1,0.64,0.92,2,1,0.67,0.33,0.0,0.33,0.5,275.0,2
9ac4dc7f-4a96-41d5-ac35-c42bcd85dbeb,0.21,2,0,3f869b92-ba41-4adb-ab93-62cadbb742ac,2020-05-18,f7b7c984-d32c-4c09-814a-6f4297acfb80,0,0,0.05,0.24,0.44,0.48,1,0.36,0.02,2,1,0.67,0.0,0.0,0.33,0.5,1292.0,2
f1c2862e-0dc4-4b6d-8f43-195e576e57ab,0.52,1,2,b453b458-4daa-4893-a100-5179de20db7d,2021-11-29,b7df2ab5-b273-428f-83b8-feffe46fe375,0,2,0.8,0.45,0.44,0.48,0,0.45,0.23,0,1,0.33,0.67,0.67,0.0,0.0,732.0,2
d1682eb9-143c-4562-9ecf-9a2759270c6d,0.84,2,1,a855e1fd-9655-4d08-af70-2d8fd0229e34,2022-09-02,,0,2,0.06,0.47,0.78,0.44,1,0.36,0.15,2,1,0.67,0.33,0.67,0.33,0.5,455.0,2
,0.92,2,2,248d2bf6-644a-40f8-b27c-4229d444a816,2020-06-14,9a653e39-5663-4c43-ade6-64a315c31552,0,2,0.78,0.85,0.33,0.89,2,0.82,0.48,0,1,0.67,0.67,0.67,0.67,0.0,1265.0,2
cd791b61-18ce-485b-ba92-7594d5827a69,0.51,2,1,5cd2c969-2de1-47e7-8ab1-3ef30f0d479a,2023-02-14,d8059852-461f-4a6f-b775-d363e03b0ea1,0,2,0.48,0.86,0.33,0.0,2,0.45,0.55,3,1,0.67,0.33,0.67,0.67,0.75,290.0,2
1b55d5ab-8ccf-4522-aeea-a0d9c24e6617,0.48,0,1,79df6927-b099-4bf0-8b36-007ea7552263,2021-09-20,f6c8cfb5-f676-4d48-b509-50f869087e3f,0,1,0.17,0.08,0.22,0.67,2,0.55,0.17,1,1,0.0,0.33,0.33,0.67,0.25,802.0,2
4a0ca12d-dd74-4923-b68b-aac549076154,0.05,1,1,98ae4f9d-d53f-48e2-bee7-9b22b49d0bad,2022-10-09,e82524d5-00a2-4f2a-958d-08187264079c,0,2,0.36,0.94,0.22,0.11,1,0.18,0.21,0,1,0.33,0.33,0.67,0.33,0.0,418.0,2
81b8ccb1-abdb-43df-9780-96bb1e1842fa,0.94,0,0,0a86ee5c-889f-4db4-947d-04980866f3df,2021-10-30,da68e801-aeb8-4532-a47f-8dd01fc41ed3,0,2,0.65,0.91,0.89,0.33,1,0.55,0.98,0,1,0.0,0.0,0.67,0.33,0.0,762.0,2
d0187fd2-5e53-420d-a507-b4cdb667b189,0.61,0,0,76ba2829-896a-4317-ba50-35f56d76385c,2023-03-17,7e359862-8aae-4fa5-a093-e72c9919e4cf,0,1,0.7,0.62,0.89,0.11,2,1.0,0.25,3,1,0.0,0.0,0.33,0.67,0.75,259.0,2
863a3cfd-b7c4-4328-a8eb-946786a3053f,0.32,1,1,c7284dfe-ca2d-45ba-88be-122c624e8447,2021-10-05,f2a17771-02a0-4c2f-b483-c125298c4343,0,1,0.18,0.63,0.78,0.56,1,0.36,0.36,3,1,0.33,0.33,0.33,0.33,0.75,787.0,2
,0.74,2,2,f71fa8ec-45ba-455d-b160-ff00b4650722,2021-07-21,431e58f7-93e6-4a36-9e92-75d43a5d6d00,0,1,0.97,0.48,0.89,0.11,1,0.45,0.09,2,1,0.67,0.67,0.33,0.33,0.5,863.0,2
5718df8f-6f70-4f8b-b324-fe8c669d9232,0.9,0,1,df0c45dc-d756-4ab5-b76e-b6cd84e7a8a3,2022-11-13,d5d7a42d-06a1-4177-a22a-9ce467b3f752,0,2,0.08,0.69,0.67,0.78,2,0.91,0.32,3,1,0.0,0.33,0.67,0.67,0.75,383.0,2
dd3f92ad-93c2-48a0-bab3-e61edfeb044d,0.15,0,1,22e55312-63a9-4a3c-9e7d-955d5a3b0840,2020-01-15,4bfae49a-d0d4-48bb-a072-a921ed286a09,0,2,0.41,0.46,0.67,0.89,3,0.45,0.36,3,1,0.0,0.33,0.67,1.0,0.75,1416.0,2
abcb6640-9f8d-4aae-85a7-3dab97cab0a6,0.95,1,1,946d5f25-21c1-4245-aef5-a62e7aadd6c9,2023-10-20,,0,1,0.91,0.25,0.11,0.48,0,0.91,0.53,4,1,0.33,0.33,0.33,0.0,1.0,42.0,1
38de1316-63cc-4bdd-b9b6-e467d6c64791,0.32,0,0,15686b10-2449-4a4c-b484-557c59a6ec5c,2021-05-09,1853c61f-a2e3-4c74-89cf-eeaee5749a1f,0,2,0.08,0.99,0.44,0.11,2,0.45,0.51,2,1,0.0,0.0,0.67,0.67,0.5,936.0,2
ae4961b1-e439-4e8a-a2b6-9ed921203d09,0.11,1,1,75dfab2e-0bf1-4de0-ac48-6a8dca7fbd66,2023-11-12,bdfb98c7-be44-465c-809f-32c73ee9e7dd,0,2,0.15,0.37,0.89,0.11,0,0.09,0.32,0,1,0.33,0.33,0.67,0.0,0.0,19.0,0
,0.52,0,1,11f3b24e-052c-4a51-8445-0b6dd1f3844f,2020-03-04,17ed5a54-0c10-4bd8-aff0-a76bca41eba1,0,1,0.32,0.19,0.44,0.89,1,0.82,0.23,1,1,0.0,0.33,0.33,0.33,0.25,1367.0,2
077cb67b-afd0-43a8-9f59-2faaaf7e5924,0.84,1,2,4ae51449-d35d-4f02-8381-badaddc0bc81,2022-02-16,8c21d54a-a17b-46fc-a1e1-0ea4969a99ea,0,1,0.03,0.42,0.22,0.89,1,0.36,0.32,0,1,0.33,0.67,0.33,0.33,0.0,653.0,2
114abdd9-cda9-41cd-9c46-124361907e80,0.82,2,0,d9177cde-6dc2-475a-8033-544872abf88c,2023-01-23,4462220f-8576-4c3a-8d09-75fb4abfb6ff,0,0,0.36,0.35,0.44,0.56,1,0.91,0.04,0,1,0.67,0.0,0.0,0.33,0.0,312.0,2
4618deaf-50ac-40c1-a29a-41ded58761cd,0.42,0,1,349bc03b-e987-459c-a38f-e33075b54008,2023-11-24,757c6021-e5fc-4120-b6cb-fe27dbe3e5f0,0,1,0.32,0.57,0.56,0.11,0,0.64,0.34,2,1,0.0,0.33,0.33,0.0,0.5,7.0,0
c99e81f0-9426-42e2-bc62-b50938cdbec6,0.98,2,0,8dfe9e50-cbaf-407c-bb3c-c7f3741a86a6,2021-08-03,c7d68a54-8858-47d3-8c6a-3eb467c21378,0,1,0.63,0.65,0.78,0.22,2,0.73,0.34,2,1,0.67,0.0,0.33,0.67,0.5,850.0,2
e5e74b98-a190-4d41-9fcc-d48fc8d2b740,0.94,0,1,7dd41e9e-e8b2-41a2-b43e-cbccd1725f81,2022-06-07,ebe6af85-ff9f-4001-8179-20dc473cb00e,0,2,0.02,0.52,0.5,0.0,0,0.73,0.83,3,0,0.0,0.33,0.67,0.0,0.75,542.0,2
8bf8b7a8-bc44-4473-93fd-ad636a0201a1,0.42,0,0,,2022-10-12,1f475f9c-be74-418c-b125-4b41c789d3cc,0,2,0.24,0.21,0.67,1.0,1,0.82,0.25,0,1,0.0,0.0,0.67,0.33,0.0,415.0,2
0a13d84b-395a-4513-b225-024066b563c5,0.03,2,2,a202e824-745b-404a-993f-74b97724f284,2022-03-02,20b41a92-f6fa-41a0-b103-ec098ecdb903,0,0,0.18,0.37,0.44,1.0,2,0.36,0.7,0,1,0.67,0.67,0.0,0.67,0.0,639.0,2
8b9a2e54-c3ee-4627-a9d7-9114a865634c,0.98,0,0,0b8d182a-7cc8-44f2-a762-6310e4f50b3d,2023-09-27,39274618-2947-4e6d-9b28-c8ac033446dc,0,1,0.35,0.19,0.11,0.11,0,0.82,0.48,3,1,0.0,0.0,0.33,0.0,0.75,65.0,2
68e502aa-2a25-42f8-a2c1-4390a7ec75cd,0.81,1,1,4dc79970-5027-4993-a195-b3aeebfae241,2021-01-03,d94e8674-4ff9-4941-89b8-d420ddf1027b,0,1,0.23,0.74,1.0,0.56,1,0.82,0.58,2,1,0.33,0.33,0.33,0.33,0.5,1062.0,2
4be2e474-fdd2-4f40-9ae1-912a869aedf5,1.0,2,1,b170aec3-d9f9-49d8-81b1-c5f9ac16005c,2020-11-10,313bc47e-ae6a-4dae-afdc-60c2b3ec62fa,0,3,0.48,0.02,0.0,0.78,1,0.55,0.21,1,0,0.67,0.33,1.0,0.33,0.25,1116.0,2
81c9a5a9-34e5-4d9a-9313-f9f859ebee5b,0.53,0,1,5539c167-8e11-4fd9-ab47-29e5da1d2bc9,2022-09-14,9bc843ed-b063-463b-b333-ac985d41d2ec,0,0,0.59,0.32,0.0,1.0,0,0.36,0.34,2,0,0.0,0.33,0.0,0.0,0.5,443.0,2
3d2163a5-1572-4af6-b576-be4518129e4f,0.87,1,0,e5ce87be-a7ea-45b2-aeb4-a2130b7476b3,2022-10-10,f52a75ec-7dec-4a91-bb14-3821c7cdbff8,0,1,0.38,0.41,0.67,0.67,2,0.64,0.47,1,1,0.33,0.0,0.33,0.67,0.25,417.0,2
9d5f4923-ad1e-4576-bce2-1a840d044d8c,0.66,0,2,c284b4f1-9b9e-4960-ac90-47b4dd62bf36,2023-11-01,16b1e954-487c-495c-8385-e02bc39cd1be,0,2,0.21,0.08,0.22,0.11,1,0.45,0.72,0,1,0.0,0.67,0.67,0.33,0.0,30.0,1
66262604-9dd7-4df6-a636-d3eec8525442,0.89,1,1,00fb11d4-afd9-42a6-a99e-b546ef60d0e4,2021-01-24,4dd49594-5c20-4482-a112-dd0afab4a269,0,2,0.81,0.94,0.67,0.11,2,0.27,0.36,0,1,0.33,0.33,0.67,0.67,0.0,1041.0,2
850f4589-4908-4805-ba8a-518b2aa2a262,0.98,2,1,9a533356-be23-4449-8978-93e1d1ce118a,2020-02-06,104c242f-fd7a-437c-a5da-1417ddfd5758,0,1,0.14,0.57,0.33,0.48,0,0.09,0.4,3,1,0.67,0.33,0.33,0.0,0.75,1394.0,2
20535aa5-e24e-47c4-ad03-ea9aa25c1665,0.0,2,2,60184d6b-c1bf-4544-bc80-85b952af0758,2021-03-29,8e1be83c-e0d0-4d7e-83b0-bd8505b142e2,0,1,0.37,0.76,0.78,1.0,3,0.27,0.13,0,1,0.67,0.67,0.33,1.0,0.0,977.0,2
7b6076c7-f01f-41fb-aa73-9288356d3bdd,0.4,0,0,26ca4c7c-8a70-459b-b69c-26c4030c6940,2022-06-07,3c6dad9e-d971-4812-b29f-2923b2833d81,0,2,0.48,0.23,0.33,1.0,0,0.55,0.38,1,1,0.0,0.0,0.67,0.0,0.25,542.0,2
,0.79,0,1,e5c86307-9ef9-4e13-93a1-dcd8136f3604,2021-06-20,da57c880-6e3e-4527-9f6c-e2bee4826313,0,1,0.85,0.75,0.89,0.22,0,0.91,0.25,3,1,0.0,0.33,0.33,0.0,0.75,894.0,2
a31e1459-647f-43a2-b8a4-88770828a75b,0.71,1,0,f389c55d-cfdf-48f0-bf4c-3de51689bbf7,2023-05-17,f012429e-770f-4a0b-b6d5-ec3e73a242ff,0,2,0.5,0.33,0.22,0.67,0,0.27,0.94,1,1,0.33,0.0,0.67,0.0,0.25,198.0,2
464abc32-f636-4c14-b534-3ff029fda603,0.68,2,0,8e4cfb46-141d-4d81-900a-91652b850e86,2023-05-11,86ceab08-a65b-4242-b815-c2a7956a5cf4,0,0,0.61,0.16,0.67,0.56,2,0.64,0.87,3,1,0.67,0.0,0.0,0.67,0.75,204.0,2
59d49e9d-e20c-433e-96b9-1234ef1c519d,0.32,1,1,41581854-ce41-4c11-9d6f-cb1aca0cb475,2023-11-14,911f9fea-ac7d-4d52-bd08-a0cf75169cf8,0,2,0.55,0.64,0.0,0.22,1,0.91,0.28,0,0,0.33,0.33,0.67,0.33,0.0,17.0,0
fbac862b-7d61-41c8-bdb5-d6a5c1286b07,1.0,0,1,8701e5b1-4985-4dfb-9118-714810f40745,2023-10-30,ff323ebe-e1e0-451b-9c21-9c0a6beb055e,0,1,0.65,0.42,0.5,0.56,3,0.55,0.06,2,0,0.0,0.33,0.33,1.0,0.5,32.0,1
c82ffc7b-348f-4d03-9925-f7b7212ebdd7,0.65,1,2,7b7eb1de-eea3-4176-97aa-52aa44be11f6,2022-11-27,cc4fe322-afc8-48d9-9ca2-7fa47696491b,0,2,0.92,0.4,0.5,0.89,0,0.18,0.08,3,0,0.33,0.67,0.67,0.0,0.75,369.0,2
ce098c88-f814-4bd9-8b54-c1c1c328c05f,0.9,2,2,6f049cca-d7e5-4451-ad4b-ab9e6f3965fd,2021-03-09,6b43d631-55ea-4386-989a-015ab7d528f3,0,1,0.67,0.72,0.44,0.0,0,0.0,0.38,0,1,0.67,0.67,0.33,0.0,0.0,997.0,2
844834ac-9fa5-454e-af7a-5587b7bf41e5,0.84,2,2,6a0133ad-7eed-46bf-ab7f-6eefff83db58,2020-12-16,d28b7a9c-a814-40c0-82b7-7c2536a4f0d7,0,2,0.59,0.75,0.78,0.48,2,0.64,0.15,3,1,0.67,0.67,0.67,0.67,0.75,1080.0,2
ed6bd91d-e5ed-4354-b8f5-ab08eabc641d,0.61,0,0,72c310ca-0356-4bec-9ea9-806dcd24603d,2020-07-14,2a0dca05-e626-4e75-8334-26d4bfa186c2,0,2,0.51,0.15,0.0,0.44,0,0.36,0.55,0,0,0.0,0.0,0.67,0.0,0.0,1235.0,2
b81cd116-138b-49d0-98fe-7cc0b06a7e31,0.58,2,0,40df9a9a-b90f-4fbd-86d9-e856d6a7197e,2022-07-22,848d3a0a-af3e-4ee5-bd50-56702a4582df,0,2,0.59,0.36,0.0,0.0,1,1.0,0.89,1,0,0.67,0.0,0.67,0.33,0.25,497.0,2
,0.15,1,0,4a4773cd-05a9-459c-995f-eacba3f4070e,2020-11-12,,0,2,0.86,0.0,0.22,1.0,2,0.64,0.3,2,1,0.33,0.0,0.67,0.67,0.5,1114.0,2
16a3c63a-fe60-4852-9bcb-afff424399f5,0.97,2,0,ce871c9e-26f0-4bdb-a071-d787f6ba0ae6,2023-08-18,9838820b-1326-450d-87ed-6cc1412d3388,0,0,0.25,0.11,0.33,0.89,0,0.73,0.06,1,1,0.67,0.0,0.0,0.0,0.25,105.0,2
f9053eeb-602d-4165-8011-b04860b9e741,0.06,0,1,1f7342f0-8268-46ae-b0ef-e8bca56a8a8a,2021-07-02,97c413a4-38f2-448b-bafa-71696e3c6322,0,0,0.58,0.46,1.0,0.48,1,1.0,0.13,3,1,0.0,0.33,0.0,0.33,0.75,882.0,2
eabfa518-322d-4cbd-8f3e-013e1669b9d8,0.45,1,2,0b919bad-f122-49ab-9130-12ca7e5d55e1,2022-09-15,9f6fdc06-20c9-47ae-9735-078d854be299,0,2,0.57,0.94,0.22,0.48,1,0.64,0.49,3,1,0.33,0.67,0.67,0.33,0.75,442.0,2
2d4bb966-77f3-40f2-bd05-e490ced40531,0.15,0,1,48afb73e-79aa-48b5-82d4-c003ce0b259f,2022-03-05,838e1c49-d182-492d-a297-cf1c0f1fc3b6,0,1,0.6,0.99,0.22,0.33,2,0.0,0.85,1,1,0.0,0.33,0.33,0.67,0.25,636.0,2
0ef199d9-437c-41a1-8f1c-989a4f10e2ff,0.44,2,2,ff59ffc1-cad8-473c-a3d2-d0ebea917b37,2021-12-19,e60a923d-2109-4cc6-af81-63de6181e412,0,1,0.69,0.98,0.5,0.11,2,0.82,0.23,2,0,0.67,0.67,0.33,0.67,0.5,712.0,2
66331815-2963-4c73-9d89-fdbe94db29a4,0.48,0,0,7408b339-6b60-49de-8053-2000810215d1,2020-03-04,ffe5876b-d64d-40b3-a52a-9e90f19b3404,0,0,0.41,0.69,0.89,1.0,0,1.0,0.02,0,1,0.0,0.0,0.0,0.0,0.0,1367.0,2
ce987e29-13a5-46dd-a101-2737501e9f6a,0.51,2,0,60e917bf-4482-423e-85ae-a7b9c113a30b,2022-07-19,c2d88de7-58d3-4eac-9aad-94602379219f,0,2,0.78,0.43,0.67,0.67,0,0.45,0.21,3,1,0.67,0.0,0.67,0.0,0.75,500.0,2
51add021-fe0b-4319-8732-e136ac0c3446,0.87,2,2,0638c44b-6690-4a7e-afa7-f33c8d1c5567,2021-08-08,862309a8-9873-42ab-9b71-0a81fd055723,0,2,0.34,0.59,1.0,0.22,1,0.82,0.89,3,1,0.67,0.67,0.67,0.33,0.75,845.0,2
e7268473-a258-47d9-982b-f575631d2754,0.5,2,1,0988b8d6-5f38-4171-9b9e-a55ff09aff04,2022-01-06,,0,1,0.97,0.08,0.56,0.48,2,0.73,0.89,2,1,0.67,0.33,0.33,0.67,0.5,694.0,2
7fbbb14d-3163-4627-9522-b3509dda81dc,0.74,2,1,dff2b3ee-30e3-419b-8da7-f3d3faf70170,2021-03-24,e12f6a46-193a-453e-af36-5fe297551ac5,0,2,0.25,0.2,0.5,0.48,1,0.45,0.87,0,0,0.67,0.33,0.67,0.33,0.0,982.0,2
b88e6ad0-e852-46ed-92f5-8898c3e6cbde,0.26,1,2,75ee70b2-6fe6-427f-8b89-e6848d11d2d2,2023-01-05,0dbf6de7-c5d6-4b54-acee-9f04ca32270e,0,1,0.21,0.11,0.78,1.0,1,0.82,0.85,1,1,0.33,0.67,0.33,0.33,0.25,330.0,2
029c66c2-530c-473d-9bb9-311d0c3cca1f,0.03,1,2,ce644048-0413-4480-bac2-39662c324f60,2020-11-30,f9a673fe-f7f2-42cd-9c58-2887dec1c66e,0,0,0.85,0.55,0.44,0.33,2,0.27,0.64,0,1,0.33,0.67,0.0,0.67,0.0,1096.0,2
2eace5e7-ab19-4afa-8bf3-a0c7350fc90f,0.15,0,2,adbea93e-6c0b-4ce5-9ad8-4fa05d66b79f,2021-05-22,680c6d96-6144-4bf1-82a5-174c3937fee7,0,1,0.3,0.8,0.89,0.44,0,0.53,0.15,3,1,0.0,0.67,0.33,0.0,0.75,923.0,2
f2b7e687-3033-49ca-b09e-b39ce5cc44aa,0.48,2,0,bd8a46a3-7dc9-4240-87bf-a1b7e56fa72c,2020-09-18,9594c457-36bd-4875-8256-0bf6bb6ac964,0,1,0.83,0.95,0.11,0.44,0,0.45,0.58,3,1,0.67,0.0,0.33,0.0,0.75,1169.0,2
aaa8a522-05f3-4940-bafb-babf97eebf7d,0.1,0,2,,2022-12-24,3f5f4786-6591-4d27-ae30-d4dcec778401,0,2,0.55,0.93,0.0,0.56,2,0.73,0.53,1,0,0.0,0.67,0.67,0.67,0.25,342.0,2
773ec6b4-1f1a-46a8-b98e-4d4b414b9ac0,0.77,0,1,4d10661d-e9a1-4da9-83d5-158aca9d0777,2021-06-06,4ed89de5-eed6-4dfa-8e34-7a0f171af54c,0,0,0.22,0.99,1.0,0.89,1,0.36,0.19,2,1,0.0,0.33,0.0,0.33,0.5,908.0,2
228febfa-bfb5-413a-ab8a-1eeb905b36fd,0.35,1,0,96375f25-2e13-4e66-8e76-bbbf06760439,2020-01-04,aab09f53-a4a1-400e-932f-62120350545b,0,1,0.82,0.47,0.89,0.56,2,1.0,0.55,3,1,0.33,0.0,0.33,0.67,0.75,1427.0,2
6e5eb8a5-64b9-4933-bdb3-5490307c3054,0.21,2,3,4c348628-cf6b-4c96-8b83-73113f526566,2020-01-21,5e8badc3-bc64-4518-ba5f-6bd8ae545168,0,2,0.2,1.0,0.0,0.67,1,0.18,0.08,3,0,0.67,1.0,0.67,0.33,0.75,1410.0,2
d37d4a12-2e95-4378-ab30-c0ee4000e58b,0.68,1,1,40e9085d-966f-47c9-8015-41d530ce2c10,2021-07-30,d97dc85b-6973-49fe-8af7-c0a0f79b0eef,0,2,0.88,0.93,0.0,0.0,0,0.53,0.36,3,0,0.33,0.33,0.67,0.0,0.75,854.0,2
7296a505-9ece-4c48-b08f-e3227a7f23df,0.84,2,1,c4f2e3ec-b73e-488e-886b-e5d6f1624361,2020-02-14,7fcbf369-41f4-4966-a00f-f891c15a7150,0,2,0.48,0.98,0.67,0.0,2,0.36,0.58,1,1,0.67,0.33,0.67,0.67,0.25,1386.0,2
e6dda886-50cf-4d9f-926f-418f211e26df,0.31,2,2,f4267207-4454-4c68-b97f-1766edc2502e,2021-10-31,7505e153-4f02-4d8e-b8d4-6756cfeda199,0,0,0.15,0.06,0.22,0.89,1,0.45,0.0,3,1,0.67,0.67,0.0,0.33,0.75,761.0,2
a42353db-aba4-4458-b2a3-cc3f4e095a53,0.19,2,2,8649df2b-7810-4ae5-8dd4-b932ab3b3abf,2021-03-18,6c7dd682-e815-438a-ac4f-6e197f6f48f2,0,0,0.41,0.86,0.44,0.44,1,0.36,0.51,1,1,0.67,0.67,0.0,0.33,0.25,988.0,2
4fed3e20-ec52-440a-8faa-808b4098568f,0.39,0,1,4dabe1f7-cc67-4292-8a8c-cbf6ddde3b43,2020-12-16,28eb8245-024c-46fe-ae89-053122135061,0,1,0.48,0.31,0.22,0.44,1,0.55,0.55,2,1,0.0,0.33,0.33,0.33,0.5,1080.0,2
eed702d9-f138-45df-8834-ca49248abd04,0.68,2,1,81545cc3-2a72-486b-974f-62d033038836,2021-03-01,54407093-1b99-44f4-89de-1e153940ae77,0,2,0.84,0.34,1.0,1.0,2,0.09,0.62,2,1,0.67,0.33,0.67,0.67,0.5,1005.0,2
78e50a04-5369-4417-9883-fa2ce60a0049,0.84,1,1,5cbb0d51-02f1-4c4b-87d0-77cc6c3d0b1c,2020-12-29,0103f3ab-693c-47aa-a374-1465b0f1f3e9,0,1,0.72,0.36,0.11,0.89,0,0.91,0.58,2,1,0.33,0.33,0.33,0.0,0.5,1067.0,2
4c50ad37-3d97-4cbe-a6d5-42e70baf6271,0.06,2,1,28df5404-d632-43a7-9735-3dbf1c5e7162,2022-01-28,abd6f5f0-697f-4cd3-8804-eb9655638880,0,1,0.64,0.64,0.56,0.48,2,0.53,0.48,2,1,0.67,0.33,0.33,0.67,0.5,672.0,2
390566a5-d472-46d6-ad51-90915b0ce4ef,0.0,1,1,604d15e0-e87c-4bb9-8bfd-2350095e6a8d,2021-05-05,b477ec69-5888-469a-9da8-2c4c185e1adf,0,2,0.69,0.37,0.56,0.89,2,0.82,0.94,3,1,0.33,0.33,0.67,0.67,0.75,940.0,2
1e688df7-1c24-4e80-8136-1d1d8875cc3c,0.51,2,2,,2022-10-12,9b9569cb-efa8-4c08-a56c-d238373e7257,0,0,0.12,0.34,1.0,0.11,0,0.73,0.92,0,1,0.67,0.67,0.0,0.0,0.0,415.0,2
6a0b0077-6fa2-481e-b385-ae2c56ec4150,0.08,3,0,a2794468-7793-438c-b96b-0ac54e7c4cac,2022-08-19,8e28354f-4bcb-4c64-a212-a1141f47f83e,0,2,0.03,0.43,0.44,0.56,1,0.36,0.23,0,1,1.0,0.0,0.67,0.33,0.0,469.0,2
60d2c3db-4c91-4e54-908a-9e9d1c01cda4,0.81,1,0,02d8c6c9-36eb-4377-ae8e-ad2a5e91a049,,328e72a6-4a42-48ce-b3d1-5536ee1441c8,0,1,0.98,0.06,0.78,0.11,0,1.0,0.47,2,1,0.33,0.0,0.33,0.0,0.5,,2
2a4c3e93-8b67-4252-bbf3-d2efa23ab5f4,0.81,1,0,58a391e6-40ad-4268-8300-efa1e2f0f062,2023-10-15,0e5ecd65-86dc-434d-b80c-e1f1d4734662,0,2,0.07,0.76,0.78,0.11,1,0.82,0.25,3,1,0.33,0.0,0.67,0.33,0.75,47.0,1
690fe625-3189-4021-93d9-253316bc9e7a,0.19,0,1,c2e41c90-a6d0-43be-a24b-11fb50effab5,2023-04-23,44ea8337-cf46-47f7-b642-4e8d5f968704,0,1,0.31,0.17,0.89,0.33,0,0.18,0.21,1,1,0.0,0.33,0.33,0.0,0.25,222.0,2
efb1f8a0-1226-41a7-ad82-8fe1427860f1,0.18,1,1,3bd9b708-b7cd-443d-979c-ef48ceb3583d,2022-09-18,773427c2-2fca-4262-9c4d-a65b3adbb254,0,2,0.28,0.24,0.89,0.0,1,0.82,0.55,0,1,0.33,0.33,0.67,0.33,0.0,439.0,2
4d0bacb4-4ca5-46b1-ae68-c00f9fd58314,1.0,1,0,4590fb99-4a65-4aed-8647-f1c9b0ae3080,2022-11-18,18ef0d78-84a6-4085-9d37-988e22565f25,0,2,0.57,0.47,0.56,0.11,2,0.73,1.0,1,1,0.33,0.0,0.67,0.67,0.25,378.0,2
0c89020b-32c5-4968-80a6-1e59bfebd325,0.58,0,0,d0e66817-ccf5-4e20-a06f-69b05a1f1760,2021-08-02,d7c37000-4a33-4d60-afcc-9378c3da04c0,0,2,0.71,0.25,0.5,0.67,0,0.64,0.38,3,0,0.0,0.0,0.67,0.0,0.75,851.0,2
f51e037b-10d4-403f-abda-3299ead707c7,0.39,2,2,17ef4ce1-8cdc-40a0-8f0b-7f3ff415f399,2022-08-21,2cd0b78a-5db8-4daa-8c73-73ef89d3a802,0,2,0.09,0.37,1.0,0.89,0,0.53,0.28,3,1,0.67,0.67,0.67,0.0,0.75,467.0,2
233709f1-ce06-486f-bb0c-ab61fb17aca0,0.53,0,2,9a1b4e0f-674a-480c-8304-8c1fa4be5c10,2021-09-09,7161c96a-c64b-4433-ab59-f87c127fa164,0,1,0.44,0.49,0.78,0.33,0,0.64,0.11,3,1,0.0,0.67,0.33,0.0,0.75,813.0,2
5acca9c9-f8e3-4604-aae2-e4187955b51b,1.0,0,2,,2022-12-21,9996b732-85c3-413f-8faa-1b624cf82fff,0,0,0.1,0.23,0.78,0.67,2,0.18,0.32,2,1,0.0,0.67,0.0,0.67,0.5,345.0,2
8580ea9d-2196-43a7-8e35-67c9eae853c6,0.16,1,0,3d181829-453a-4d2e-b71b-004d154a2845,2020-03-04,2ba9e982-5cc2-4337-801e-02c450a3c4d4,0,0,0.29,0.25,0.22,0.33,1,0.64,0.13,0,1,0.33,0.0,0.0,0.33,0.0,1367.0,2
ed9262f2-0dd1-4efe-ad2b-ff6afd391af7,0.48,0,0,6543d949-9333-4d04-bdbd-cd4ce22132c8,2020-03-04,3b24403f-abca-4ae0-b7f3-4ec2e327f4db,0,0,0.15,0.35,0.33,0.67,0,0.27,0.64,1,1,0.0,0.0,0.0,0.0,0.25,1367.0,2
bc222285-06db-4db8-b5ae-c6f0469807e4,0.08,0,0,45a26807-a299-497e-9b08-f1c6524439a7,2023-02-08,82098476-bd4c-4c99-902d-2853f3a34fed,0,2,0.9,0.32,0.33,0.78,1,0.27,0.0,2,1,0.0,0.0,0.67,0.33,0.5,296.0,2
66502790-0a27-413d-967c-0f62ae4de219,0.79,2,2,31882ec7-4632-4a9f-9ae0-de7fc3661b79,2023-02-06,7648f5a7-5592-4678-a71a-c734993a2658,0,2,0.47,0.62,0.5,0.0,2,0.91,0.42,0,0,0.67,0.67,0.67,0.67,0.0,298.0,2
9246991f-b1de-43a9-806a-5ed6dd04bef9,0.92,2,1,d967d752-2dad-41a6-9321-db2217a4b7d7,2020-02-24,4838cbf8-3a4a-488d-b6b4-b50d400ace8a,0,1,0.08,0.73,0.0,1.0,1,0.18,0.28,0,0,0.67,0.33,0.33,0.33,0.0,1376.0,2
be2ac153-ab70-42cd-9a47-9e05106dca3c,0.13,2,1,860fe9af-7d6e-43a5-8251-747539147db7,,2d8acc8a-adcd-4bd2-a866-1ef6d4ad8ee9,0,2,0.4,0.12,0.67,0.0,2,0.91,0.66,2,1,0.67,0.33,0.67,0.67,0.5,,2
e068ae30-f3cc-48c3-86fd-dcbf82198590,0.45,1,2,08eda177-a534-4b7f-9e7e-18185710d7be,2022-09-17,0c458bc7-e9a9-4022-aaf7-31736b53965e,0,1,0.08,0.24,1.0,0.67,1,0.27,0.38,0,1,0.33,0.67,0.33,0.33,0.0,440.0,2
6a4fe5db-b0ff-40b0-882c-08c55c908419,0.51,0,2,269ec974-9b87-4fde-a0bf-fda3fb891c42,2020-09-22,d482824b-39df-4211-a3f0-d0348fa9d7f5,0,1,0.99,0.29,0.5,0.33,0,0.73,0.83,1,0,0.0,0.67,0.33,0.0,0.25,1165.0,2
1846d798-25db-45d6-a688-066c36e7a005,0.56,2,1,416be262-2728-453c-a499-f68b9a5a6584,2021-11-29,cec548f5-55b4-40c9-8948-96850db80bff,0,2,0.07,0.22,0.89,0.56,1,0.45,0.08,2,1,0.67,0.33,0.67,0.33,0.5,732.0,2
18ab68b6-25b6-49a9-8d55-b50448e128af,0.68,2,0,bd2260a5-149c-4b60-bfaa-d2b36e525c96,2021-06-27,9cf0dcf0-cb1d-41d3-8b22-e7a4a47b70df,0,2,0.58,0.35,0.22,0.89,1,0.82,0.87,1,1,0.67,0.0,0.67,0.33,0.25,887.0,2
3c6f0c98-36d9-4766-934d-f617eccb887e,0.81,1,1,67247050-0e24-472c-8328-b7814877a187,2023-07-02,2cef90d0-142f-4dcc-a095-c2a4b1ebb7ba,0,2,0.43,0.14,0.67,0.0,2,0.53,0.6,3,1,0.33,0.33,0.67,0.67,0.75,152.0,2
530fa996-d41b-44f3-a015-79a1798e3741,0.65,0,1,b132f414-d4af-4f4a-8660-607a59e0416b,2023-08-08,19551e37-c849-4294-bfb9-f1ccfcb00a1c,0,0,0.4,0.08,0.78,0.33,0,0.55,0.45,0,1,0.0,0.33,0.0,0.0,0.0,115.0,2
05b59d82-00a1-47b4-a8bd-fbae7d96fdd6,0.55,2,2,cc85d5ed-ea73-4f67-af01-d7cdb669fb96,2021-06-11,6ac05e69-b59e-4185-95d3-e81a6ac7e281,0,1,0.48,0.97,0.56,0.56,1,0.73,0.04,0,1,0.67,0.67,0.33,0.33,0.0,903.0,2
2d5c3eb6-c93d-43c8-8152-d5dc3620962b,0.92,1,1,2fe2cc1d-7c02-4774-bbf3-d6673902a5b8,2023-06-03,5df4ac4c-bb6c-41c0-b822-0ef1fbcd8476,0,2,0.48,0.06,0.56,0.11,2,0.45,1.0,0,1,0.33,0.33,0.67,0.67,0.0,181.0,2
8e973b31-8bf4-432d-824b-5bea1f84702d,0.77,2,1,67f5cc40-2a56-475d-8050-261c4ce42520,2022-09-04,b3da2000-244d-4792-83c2-87ea68fdfec8,0,2,0.52,0.72,0.22,0.44,1,0.36,0.85,0,1,0.67,0.33,0.67,0.33,0.0,453.0,2
1c5d6663-3cdd-4efd-a5d7-5d32a1e1b9d2,0.71,2,1,d7844759-7149-4ac1-8a5f-e31f1d72d4d4,2022-04-18,c4858b50-7f13-4ebe-ad1a-971d92d54e3b,0,0,0.33,0.73,0.56,0.22,1,0.27,0.09,1,1,0.67,0.33,0.0,0.33,0.25,592.0,2
ce61b25d-3e5a-438c-b6c1-6198b3613543,0.29,2,2,,2020-09-15,3a7c2a55-36c9-44e6-9782-db000aae2d89,0,0,0.15,0.81,0.78,0.67,2,0.91,0.51,3,1,0.67,0.67,0.0,0.67,0.75,1172.0,2
4c18d5e0-0fb2-4888-8947-7dcc875f434e,0.32,1,2,6b3cd3c1-4e3a-4b46-8ec7-d17303efc591,2023-07-11,14535317-ccff-4cd8-b39e-843ea88929f3,0,2,0.26,0.83,1.0,0.48,1,1.0,0.19,3,1,0.33,0.67,0.67,0.33,0.75,143.0,2
78580776-4af9-4cd6-ba07-66eb5e32f81d,0.76,2,2,8e1edbf0-db91-47ae-8c4f-84a67f052673,2020-07-28,c0110e04-3740-445f-93bf-343710e188aa,0,1,0.51,0.02,0.78,0.22,1,0.73,0.89,2,1,0.67,0.67,0.33,0.33,0.5,1221.0,2
711574ec-df0c-42aa-9fc7-c52151a7b483,0.19,1,0,d6694e6f-eb55-4653-b487-c477c9e98380,2023-04-24,1ce20263-5e84-4dcc-a854-a08970c36d7e,0,1,0.87,0.21,0.11,0.0,0,0.82,0.32,1,1,0.33,0.0,0.33,0.0,0.25,221.0,2
06cbf103-4671-42da-bc23-29a26f5b08a3,0.4,2,1,f57a9879-2fe9-4352-a6d0-429ba329ee20,2022-08-21,632afa4d-6e36-479f-863c-46c3ca4f816a,0,1,0.38,0.92,0.11,0.67,2,0.91,0.98,1,1,0.67,0.33,0.33,0.67,0.25,467.0,2
b6449bfe-b504-4d4f-8c80-cc4c672ff2e1,0.08,2,1,a86f0750-c16b-416b-bcf9-2d71374fe842,2020-05-02,009610d4-489b-4532-9df7-09bac8d6f456,0,1,0.62,0.21,0.56,0.11,0,0.0,0.98,2,1,0.67,0.33,0.33,0.0,0.5,1308.0,2
b9a9def6-d017-4665-a15f-e4fd7ae1994b,0.18,0,1,6717c0bf-f884-43c9-9c24-9f4a59b4b9be,2020-02-11,e160da01-ba78-47ec-8f42-7ea1eeda8d8a,0,1,0.52,0.33,0.44,0.89,2,0.73,0.08,3,1,0.0,0.33,0.33,0.67,0.75,1389.0,2
b836da68-7704-44c6-ac24-f40e2221ea0c,0.95,0,1,e3133031-2a9d-4c8b-97f9-f216c83ffe7c,2021-02-07,3211be77-a486-4de5-aeea-4d302afe7f13,0,1,0.65,0.13,0.22,0.44,0,1.0,0.92,3,1,0.0,0.33,0.33,0.0,0.75,1027.0,2
e4b54675-6882-4c2a-a72f-8409169b086b,0.94,0,0,38e58c67-17aa-427b-8f2f-0c39c826dcbf,2020-10-28,2eb04936-dc95-41cc-b29a-aeac4d2adadb,0,0,0.07,0.48,0.67,0.78,2,0.18,0.83,2,1,0.0,0.0,0.0,0.67,0.5,1129.0,2
41ba02b5-a32d-4f15-b195-ff93069125e8,0.42,2,2,751ca51f-506b-4964-b2f9-9bb8bb5fe934,2023-05-08,7b123d0c-bd22-4cc3-92bb-396965e11b33,0,2,0.01,0.29,0.89,0.44,1,0.09,0.48,1,1,0.67,0.67,0.67,0.33,0.25,207.0,2
1a2ecc71-c9a0-4660-9dfb-f11e0cf0639d,0.71,1,2,0c3c918f-a3d4-4c5c-91c3-c5b852cde9f3,2020-04-16,3206acf2-bdee-4543-979d-3e20f0fae01b,0,2,0.5,0.82,1.0,0.11,0,0.0,0.51,3,1,0.33,0.67,0.67,0.0,0.75,1324.0,2
298f0ff3-4d0d-4909-ad6e-cf45d50fa779,0.4,1,0,53c4f884-f330-4d51-bf6a-e2fc5dede57a,2023-08-07,d433a844-d471-49ad-9d98-556ed527bc73,0,2,0.12,0.81,1.0,0.33,2,0.36,0.81,0,1,0.33,0.0,0.67,0.67,0.0,116.0,2
6daf98df-8310-4fb0-8e51-357571f3e1d4,0.47,2,0,69090a7a-f436-4935-bc65-1ba5a04bc839,2022-07-25,e883cb89-3d77-4833-94bb-1901e8e55048,0,2,0.35,0.86,0.67,0.78,0,0.09,0.49,1,1,0.67,0.0,0.67,0.0,0.25,494.0,2
69ff0f54-70c5-406d-8ae8-275b6065dffa,0.58,2,2,dab82e1d-22ea-41ab-ae2f-fed3c2074860,2023-01-15,23a4f4fb-db50-474a-b1ff-eb218fb62e5a,0,0,0.44,0.4,0.56,0.33,2,0.82,0.3,1,1,0.67,0.67,0.0,0.67,0.25,320.0,2
8dbbeeff-7e36-4449-acdb-eddb44f555f3,0.35,2,2,06cd4da5-a543-4877-948b-4b605ff48fe5,2020-01-27,30a32602-6928-4982-b68c-1c2bba74f198,0,1,0.36,0.11,0.33,0.44,2,0.0,0.53,2,1,0.67,0.67,0.33,0.67,0.5,1404.0,2
daaebde8-c7af-4fc6-b167-aed3c4ccdb72,0.32,2,1,f663d913-b5da-4b5e-b617-778941684433,2021-06-24,9e6a624f-6779-42fa-aff2-b2804b980fb8,0,0,0.58,0.07,0.56,0.56,1,0.27,0.17,1,1,0.67,0.33,0.0,0.33,0.25,890.0,2
bf268a0c-3914-4873-825e-5827bfc6c99d,0.11,1,2,6e549825-b3e1-42e4-a630-295c9e8ce59f,2022-10-03,a462a3ed-c990-4232-b8cc-f5fc0b0bc6cb,0,2,0.27,0.99,0.11,0.48,1,0.09,0.06,1,1,0.33,0.67,0.67,0.33,0.25,424.0,2
55ac6afb-1ece-4dd8-9664-0cb0da9ceb0a,0.97,1,1,575d173d-6ae8-4a06-b6e5-cd67be3a7cd3,2023-07-20,4584661a-4004-441f-b02b-8c647afe4826,0,2,0.28,0.29,0.89,0.11,1,0.0,0.85,3,1,0.33,0.33,0.67,0.33,0.75,134.0,2
dca1c9b6-cb02-4916-9565-8523fdda00cd,0.66,2,2,8edc4e1d-3965-466c-8f6b-a5b0c3491c24,2020-12-05,75c77b98-2bcc-4514-96e5-a5af0543e40d,0,0,0.77,0.64,0.89,0.33,1,0.55,0.48,1,1,0.67,0.67,0.0,0.33,0.25,1091.0,2
60a44eb7-d337-4f3e-ac28-ac127debf4b8,0.94,0,0,8ea67850-0cd0-42cc-b38e-66fe8dcbda2d,2022-05-08,ad143c46-a1f5-458c-a991-801406d38d51,0,1,0.36,0.38,1.0,0.48,2,0.0,0.91,3,1,0.0,0.0,0.33,0.67,0.75,572.0,2
f7fa7a86-6129-4b7d-af5e-8016267e22d4,0.18,0,2,e0799c45-56c8-478d-9e80-36d132f90b9e,2023-03-02,35b6cd68-c14d-4274-8e2a-64a07c493253,0,2,0.1,1.0,0.22,0.22,0,0.27,0.48,1,1,0.0,0.67,0.67,0.0,0.25,274.0,2
acdf12b1-bab8-4278-a5ec-c2d250b1cc2d,0.27,1,1,0234c8f7-284c-4ce6-bcfa-078660207cfc,2021-05-31,,0,0,0.99,0.62,0.0,0.22,1,0.91,0.83,3,0,0.33,0.33,0.0,0.33,0.75,914.0,2
3a2f62c8-a16d-43fd-94d3-6fe4cb71dcc9,0.73,1,2,82352f81-b2ba-4e00-a558-1c58122b2064,2021-03-07,08bb0aed-c0b0-4fa9-b5fa-4793cd05ddbc,0,2,0.23,0.05,0.44,0.33,0,0.36,0.87,1,1,0.33,0.67,0.67,0.0,0.25,999.0,2
83d5093d-9e0e-4ac4-99ac-63e7be4fa31f,0.56,2,2,201f308e-3a25-4c6e-851a-3ff9e97bd166,2020-08-23,47b3cbdc-b800-45a9-b1ef-5ab82f77f4b9,0,0,0.68,0.43,0.78,1.0,1,0.53,0.26,3,1,0.67,0.67,0.0,0.33,0.75,1195.0,2
ccbd68fa-f61f-48b0-8ecf-bb422027f1d8,0.51,1,0,6065f0a5-98a3-4b8b-aa57-f15a14fff9ef,2023-01-09,23f21c92-bb87-4b9f-8c4f-e99ca454d73a,0,2,0.16,0.56,0.11,0.44,2,0.09,0.94,3,1,0.33,0.0,0.67,0.67,0.75,326.0,2
9b2b5b1d-28a1-4714-957e-f14948f31a66,0.35,2,1,6fafaa3e-31c9-45f1-bf5d-7637b6e5c272,2021-11-15,a8dcb479-43e2-4b37-b0e0-49a7594ebafb,0,2,0.15,0.88,0.0,0.33,0,0.73,0.75,2,0,0.67,0.33,0.67,0.0,0.5,746.0,2
6ceddb48-ed62-46e1-8c56-15953d05780c,0.31,2,1,e2425890-8af8-437e-be04-1e875ff72657,2020-03-02,1dfad74a-1784-4c73-ad0f-272d41e58998,0,1,0.73,0.32,0.22,0.56,0,1.0,0.79,0,1,0.67,0.33,0.33,0.0,0.0,1369.0,2
1aaf6097-44df-4892-a351-cfee7e980b69,0.24,1,0,7b961249-c41f-4563-84bf-f9a8e6bdc935,,58575f9d-0a67-4ce8-8ab4-9c1489b807e2,0,0,0.48,0.97,0.0,0.33,2,0.82,0.85,2,0,0.33,0.0,0.0,0.67,0.5,,2
5ac30785-d678-4897-87c1-4a6de3959e8a,0.29,1,0,71049f34-df01-46ca-b409-559251b01a9a,2022-05-12,21b5aac8-2f5f-488f-a612-3e09027558f3,0,1,0.22,0.16,0.44,0.22,0,0.55,0.66,2,1,0.33,0.0,0.33,0.0,0.5,568.0,2
9f98e679-4919-4e5c-9a0c-cb61ea7e0d95,0.53,1,0,52677899-aa19-4755-9a8b-9d2805c00d0b,2021-12-03,292bcfbd-43e7-40e7-98b7-bb8770428013,0,0,0.84,0.23,0.5,0.89,0,0.09,0.43,0,0,0.33,0.0,0.0,0.0,0.0,728.0,2
58e1096d-a80f-416c-8943-4bab6b3a2ada,0.5,2,1,125bad5e-b6ec-411a-8e54-922206e86d4c,2022-06-17,7713d68c-6f7c-4707-b74b-fb94c88fb101,0,2,0.79,0.28,0.44,0.11,2,0.82,0.15,3,1,0.67,0.33,0.67,0.67,0.75,532.0,2
453b38a1-31f1-45b3-9c65-2f54dffdae50,0.84,0,1,f2d9c5ec-8097-4ca9-964e-26e5300aee48,2021-01-05,4b531319-11d1-4ee3-8ccc-f817119afefa,0,2,0.48,0.12,0.78,0.67,2,0.64,0.77,1,1,0.0,0.33,0.67,0.67,0.25,1060.0,2
62bd4fd5-648d-485d-9769-f89b6f213f2b,0.39,1,2,c85443a7-9775-4a96-96fc-254d901e4b53,2023-07-23,c5efbd4f-c2b2-4235-af3e-af262b9c7eff,0,2,0.74,0.19,0.0,0.22,0,1.0,0.38,0,0,0.33,0.67,0.67,0.0,0.0,131.0,2
c33e9d8d-7209-45b3-bca2-77823971fb74,0.71,0,1,1beef835-ef8d-453b-bdb5-b5aa05f6c66a,2023-03-01,86b9adbb-2284-4396-b152-34b34f59fb25,0,0,0.74,0.07,0.44,0.44,2,0.91,0.87,0,1,0.0,0.33,0.0,0.67,0.0,275.0,2
e5e211ed-47bc-4728-8192-1c12caa68efa,0.97,1,0,9f8576b2-5891-483e-a104-b46e19be16bf,2020-08-31,13fb58a3-8c83-478f-b7c6-9b539781d65b,0,0,0.35,0.18,0.56,0.56,2,0.91,0.77,0,1,0.33,0.0,0.0,0.67,0.0,1187.0,2
d3a33b0c-d328-4911-8780-e31b8f0c391d,0.29,2,1,faaa00e3-f000-48b2-8d9b-3aa335bd0ef3,2023-07-30,d76bc23e-307b-4068-8ed2-01c11ee2e372,0,0,0.49,0.39,0.5,0.22,0,0.55,0.87,1,0,0.67,0.33,0.0,0.0,0.25,124.0,2
1deaaf28-8ca9-4ec5-adf9-43741f0ed6ed,0.45,2,1,07cc4ff9-d155-4942-9455-4eeb31eddfc2,2020-04-24,fcb3453f-8649-4ae3-bd2b-e5f15ce028bc,0,2,0.79,0.02,0.0,0.33,1,0.73,0.11,0,0,0.67,0.33,0.67,0.33,0.0,1316.0,2
8e2bab8a-1cf3-4f51-9668-82af11dddbfc,0.79,2,1,474f13dd-9dde-46dc-9fe1-557abc7a9117,2020-01-17,3fb216c7-3645-4bda-9b6f-8a232f1a9ebc,0,1,0.69,0.74,0.44,1.0,1,0.91,0.26,0,1,0.67,0.33,0.33,0.33,0.0,1414.0,2
2ac0e868-3100-45c6-915b-03c8a0478138,0.9,2,1,d202ce77-95e8-4f06-90f3-4d36f66bb8bb,2022-04-27,dada6075-c8d5-46aa-9cbc-8ef671380add,0,2,0.68,0.47,0.22,0.48,1,0.09,0.92,2,1,0.67,0.33,0.67,0.33,0.5,583.0,2
70146c29-d1bb-4107-b608-b8bfd7901295,0.02,0,0,050ba5fc-b323-4aee-8ffc-e9e259fcf23c,2020-03-04,e8d99070-a05a-47ea-84db-270d92b7df24,0,0,0.5,0.44,0.11,0.67,1,0.45,0.72,3,1,0.0,0.0,0.0,0.33,0.75,1367.0,2
2e900c94-ead1-4066-a4e3-5e6b9bf36a4f,0.21,1,0,c3f12f8f-ab32-48fb-b902-788da1c0caeb,2022-09-23,e85693f6-af37-4679-9f9b-62432f10a0a6,0,1,0.37,0.46,0.89,0.33,0,0.91,0.55,3,1,0.33,0.0,0.33,0.0,0.75,434.0,2
69c3e3d7-98a6-4a46-a4e9-41ca01c010f9,0.79,1,0,a6d9a3fa-c2e1-42fc-88a5-1a521e37b665,2022-07-10,2eb8d39f-5154-4151-9ca7-81d3894882dc,0,2,0.02,0.57,0.5,0.56,1,0.45,0.4,0,0,0.33,0.0,0.67,0.33,0.0,509.0,2
47dd6591-34ea-4128-afdb-23ed2e1b8762,0.94,1,1,89b7b825-e427-4bc6-8195-ec6917605c16,2022-10-02,f73bc735-732b-4fb1-99db-d6667645f88d,0,1,0.16,0.79,0.89,0.78,1,0.82,0.49,2,1,0.33,0.33,0.33,0.33,0.5,425.0,2
10a07b7e-7dcf-49c7-960e-265efdad82e0,0.47,0,1,837986de-8232-4527-8e9f-1a6bb1dbff9c,2023-05-01,98b34bfe-b542-4b01-8d5c-d1a6e77c3e22,0,2,0.96,0.09,0.56,0.44,2,0.53,0.53,1,1,0.0,0.33,0.67,0.67,0.25,214.0,2
3a51b75d-6b95-4793-b6be-a9be6f57533b,0.26,2,3,f117966d-2422-4d16-a78a-e2b29552bb50,2020-03-04,5c888f6c-fced-4e45-89b5-b685896a3120,0,2,0.38,0.79,0.11,1.0,0,0.09,0.28,3,1,0.67,1.0,0.67,0.0,0.75,1367.0,2
d6c34a24-c9cb-4d91-96b9-6c79f4cfe299,0.51,0,0,781048ba-6e1f-4ba2-a7bb-91ad53755b1c,2022-05-22,0fab4def-947e-4046-9fbf-bbfe8c9d29df,0,2,0.69,0.34,0.56,1.0,0,0.36,0.75,3,1,0.0,0.0,0.67,0.0,0.75,558.0,2
0a8904ee-3dba-4352-b22a-46e00960b435,0.65,2,2,723fbb9e-f149-4295-b02d-4edc5bb9b319,2022-09-29,8bb2061a-2bdb-4855-ab7c-9bfe6d8ba768,0,0,0.72,0.97,0.11,0.33,2,0.0,0.72,2,1,0.67,0.67,0.0,0.67,0.5,428.0,2
171e6946-d323-495a-a152-2e6d54becd20,0.85,0,1,86a7df3b-3ca5-4c85-ac7f-0b3774c9d8c3,2022-06-25,2287b81b-26de-4c33-b70c-ed96eba5e8e1,0,1,0.05,0.97,0.67,0.11,1,0.45,0.13,3,1,0.0,0.33,0.33,0.33,0.75,524.0,2
323cee94-618e-4e25-812d-6aaae3d2fcf5,0.98,0,0,3e1d54ff-b9f5-4d91-b4e8-9543ac65fbd4,2022-10-07,c2121aa1-5482-4bd3-bf1f-2c1f41594ec1,0,2,0.66,0.75,0.11,0.56,1,0.0,0.72,1,1,0.0,0.0,0.67,0.33,0.25,420.0,2
2fcb2557-83f1-44f9-a9d6-542bd6932e4f,0.15,1,1,245ec68a-3381-443c-a4f6-a8214bda7f96,2020-03-20,cdd22c17-02ca-4620-9d74-4a6feb91eec5,0,1,0.74,0.07,0.89,0.89,1,0.45,0.21,1,1,0.33,0.33,0.33,0.33,0.25,1351.0,2
7b970c85-9736-480c-84b9-d482b297bcd4,0.87,2,0,52aea635-eab4-4a41-9fff-9f8ee302d159,2020-02-28,3f441c31-cc5d-425c-a48d-8efe7029bd8d,0,2,0.79,0.75,0.89,0.56,1,0.27,0.28,2,1,0.67,0.0,0.67,0.33,0.5,1372.0,2
0afe4ed6-1de7-450d-a612-5c0073f613a5,0.26,0,1,2c742679-5dad-4e02-843c-3e7930cc3298,2021-11-09,6fba6b78-e1e2-44c5-b614-7b1eec7385ec,0,1,0.19,0.44,0.11,0.22,0,0.45,0.85,2,1,0.0,0.33,0.33,0.0,0.5,752.0,2
c5aa54cf-27c0-4f74-8130-6c6eca562a67,0.19,0,1,3f7f8ce6-9c15-4124-80f2-754ac510545f,2023-11-20,8bea3eb3-52b2-44d1-a7fb-aed5295eff6d,0,2,0.68,0.67,0.56,0.0,1,0.73,0.53,2,1,0.0,0.33,0.67,0.33,0.5,11.0,0
a8e5ad16-c12f-44c8-b6de-29b70f1c5904,0.55,0,1,6c1847c4-c084-4233-92fb-36274467c80e,2020-05-28,ba0d61fb-083a-46ec-bbcc-647fdd3e39eb,0,2,0.65,0.65,0.22,0.22,1,0.09,0.21,0,1,0.0,0.33,0.67,0.33,0.0,1282.0,2
1b859aa8-ebb3-4ce5-b551-ea8c7d6f664b,0.85,1,1,66fee25b-0d19-4758-a7fb-bc9e1fc79964,2020-05-09,95875678-72ef-4ae6-9667-f8d38cec0ba6,0,2,0.31,0.24,0.0,0.44,2,0.91,0.85,3,0,0.33,0.33,0.67,0.67,0.75,1301.0,2
530794f7-93df-42e5-b922-fc109676a5ca,0.02,1,1,,2020-11-06,54b96211-dc59-4fc8-b103-3792b75f5cc0,0,0,0.93,0.09,1.0,0.33,1,0.27,0.3,3,1,0.33,0.33,0.0,0.33,0.75,1120.0,2
a162f24d-db2c-4e8c-9472-adada9ec690f,0.92,2,2,4f0c9099-c8d1-435a-a096-d1c8c17a3252,2023-11-22,a293c74d-4c70-45f2-8719-7516394a6f48,0,1,1.0,0.32,0.33,0.11,1,0.36,0.77,1,1,0.67,0.67,0.33,0.33,0.25,9.0,0
ec032c86-4e46-4330-ac8f-c6a970dbffdf,0.27,1,1,7739c0b1-1cb5-4932-833a-2f19effad0c4,2020-03-04,3c181024-d8cf-4d58-8614-fec98f508b82,0,2,0.87,0.44,0.56,0.78,3,0.82,0.87,3,1,0.33,0.33,0.67,1.0,0.75,1367.0,2
30c49917-7f8d-4308-8720-9b28cf122ae5,0.85,2,0,b71836f6-40ad-4b05-a452-d71dc9c2feaf,2020-12-14,d91f9e93-20f4-43f3-9606-ba60f724ee41,0,0,1.0,0.42,0.67,0.11,2,0.64,0.68,1,1,0.67,0.0,0.0,0.67,0.25,1082.0,2
4b49ae08-fff0-4a30-8bba-9125b8f76204,0.77,2,2,8752f092-da5f-480c-8a50-4c508af953ef,2023-11-20,1819d4f2-40b5-4068-af09-ef2b539fde74,0,0,0.72,0.18,0.89,0.67,0,0.82,0.43,0,1,0.67,0.67,0.0,0.0,0.0,11.0,0
35391a31-b2ec-4e91-9791-a7ac51d39212,0.15,0,2,352b5eaa-06dd-4be2-a852-d965fc2815ba,2021-01-13,c6e80d9b-12d6-43f3-bd60-fc6833e8ead1,0,1,0.04,0.4,0.22,0.33,0,1.0,0.62,2,1,0.0,0.67,0.33,0.0,0.5,1052.0,2
2eae0a65-adf9-4a48-b9a4-fe9290bf7502,0.68,2,2,6e8f3857-e327-4e9e-9235-b00deae669b1,2020-05-15,11a07509-5934-4c71-8256-32731400e55c,0,0,0.44,0.16,0.33,0.22,2,1.0,0.47,3,1,0.67,0.67,0.0,0.67,0.75,1295.0,2
f9c60610-970b-48be-a775-297e6778d354,0.87,1,0,c1188680-0784-4791-8226-67129d9ad29a,2023-05-18,603178ee-fbdb-49a5-b2d6-dd83b8c3a543,0,0,0.99,0.75,0.33,0.67,1,0.36,0.49,1,1,0.33,0.0,0.0,0.33,0.25,197.0,2
e901a6b1-30b9-4472-a5df-31d169cec0e6,0.74,1,2,85d1d18a-65c1-457e-ba69-a2284524cc62,2023-03-15,,0,2,0.58,0.11,0.11,0.11,1,0.55,0.11,2,1,0.33,0.67,0.67,0.33,0.5,261.0,2
82119406-f9fb-4d8a-8027-492bab327dc9,0.68,1,0,b76dd2f7-7790-43d9-806f-2d3f0a7b34bf,2023-09-08,50175dce-5692-4cc2-b2c0-976f72f5565f,0,1,0.45,0.49,0.56,0.67,1,0.82,0.09,2,1,0.33,0.0,0.33,0.33,0.5,84.0,2
26b04d73-c964-44ee-8a69-24b407445296,0.66,2,1,61ae0d9d-4193-4518-8af7-0a091d722b63,2020-11-12,ee2a0a74-4295-4826-b853-3770d43747dc,0,2,0.93,0.97,0.5,0.78,2,0.09,0.32,1,0,0.67,0.33,0.67,0.67,0.25,1114.0,2
203dd560-af35-4611-957c-fc1e7a4f8dae,0.03,1,0,e2ce84e8-e0f9-426d-af8e-8352f81b4122,2023-08-19,5cb4bf43-5ed4-4075-85a2-1181b693db3d,0,2,0.39,0.81,0.89,0.33,1,1.0,0.19,0,1,0.33,0.0,0.67,0.33,0.0,104.0,2
33f6a206-f074-4992-84f9-9f5a305b02fd,0.84,0,0,071eaf3f-fc72-4058-86d6-1c91a06dc59e,2020-09-20,1450e5de-e598-4e90-9875-27ec5778dbee,0,1,0.8,0.87,0.22,0.48,1,0.36,0.0,0,1,0.0,0.0,0.33,0.33,0.0,1167.0,2
26dd00c3-2808-4fa2-a19e-d2a19a7db515,0.87,0,0,c041a3dd-e21a-4a73-b26e-0bcbceb3735d,2022-12-24,6d7372f6-279d-4683-8c9e-312cba7d8b9c,0,2,0.81,0.12,0.0,0.48,2,0.64,0.81,0,0,0.0,0.0,0.67,0.67,0.0,342.0,2
1497b0fb-27a7-41b8-b33a-511a325317d4,0.77,2,0,4c8ef64d-75d2-432f-8f52-91e6d4713118,2023-01-13,c0c0871a-05b3-48e1-98e5-cb6b5223361c,0,0,0.77,0.28,0.67,1.0,1,1.0,0.49,0,1,0.67,0.0,0.0,0.33,0.0,322.0,2
b6085060-8a49-41e7-8f25-7ecab77b77c6,0.97,1,1,35d0e63a-c7bc-4ae3-99e5-2209898317ce,2022-12-10,dd2bf55c-50a1-4f34-bfd2-3c765561e152,0,2,0.23,0.48,0.78,0.78,2,0.45,0.49,2,1,0.33,0.33,0.67,0.67,0.5,356.0,2
3d0f5132-58ea-4bfb-a8fd-c500b0438a5a,0.47,2,1,4321c680-af24-461b-a8e8-e620ea259b55,2020-03-04,4c79a2ca-0b3a-48e4-8fdc-e25254926ccc,0,2,0.42,0.39,0.56,0.22,2,0.73,0.64,0,1,0.67,0.33,0.67,0.67,0.0,1367.0,2
b838dcf9-b0d0-450e-af11-b8d1a7a64be8,0.13,1,2,3cd87dfc-4762-496a-912f-bc7be33b6bf0,2022-06-24,2a73416f-814c-48ca-aa8f-c5ebe1668202,0,2,0.74,0.72,0.33,0.44,1,0.82,0.48,3,1,0.33,0.67,0.67,0.33,0.75,525.0,2
cd743e7a-2603-4537-8c3b-5aff2ee3ca6e,0.32,2,2,1c870866-3a5b-41bf-9b24-7acb15497c00,2020-11-24,7b62a1f7-614f-4bdb-9e7f-c3ce2887544c,0,2,0.39,0.12,0.67,0.33,1,1.0,0.45,0,1,0.67,0.67,0.67,0.33,0.0,1102.0,2
991d38ba-1f64-4edc-8e3e-5dbc13d88ae3,0.08,2,1,269a9301-c293-4bb6-a08b-7630b467743d,2020-07-17,eba024ce-6ae2-4146-a599-3ee6ad264867,0,2,0.41,0.52,0.22,0.48,2,0.73,0.68,0,1,0.67,0.33,0.67,0.67,0.0,1232.0,2
ab3a93dc-26c0-4775-b3d5-68a3af1306e1,0.4,2,1,3e06dfe6-be73-4148-a779-4312e2607efb,2021-05-23,6d70e8f9-0ec8-4874-a0cf-0c0a7ae23eb1,0,2,0.17,0.47,0.5,0.11,2,0.45,0.62,3,0,0.67,0.33,0.67,0.67,0.75,922.0,2
4f9f1288-910d-4e85-87cd-9914460d93d3,0.16,1,2,a56ae681-b1d2-45fc-acdb-80db03bb1fb2,2020-03-04,b4a2c603-49b4-4581-af73-eb0e1d0ec4a8,0,1,0.48,0.96,1.0,1.0,2,0.53,0.28,3,1,0.33,0.67,0.33,0.67,0.75,1367.0,2
3713b4c7-f93a-4c01-9ecf-a65f3a3873aa,0.05,1,1,51fdfdfa-38f2-44c0-968e-09224ad217a3,2022-02-06,8d64541e-d2bb-4b58-a628-52f30e60256a,0,1,0.37,0.71,0.5,0.33,1,0.82,0.79,0,0,0.33,0.33,0.33,0.33,0.0,663.0,2
3f1650f1-2a43-4072-92dd-c6e557cf95e6,0.11,0,2,4ad38b87-d23f-46d5-952a-a0ef5c5307f1,2022-10-05,1e2ecb60-9617-4e61-9c88-1c942a9e3e14,0,2,0.48,0.16,0.22,0.11,0,0.73,0.26,0,1,0.0,0.67,0.67,0.0,0.0,422.0,2
7462dd9f-2ceb-4da0-9481-d63f3e584dec,0.06,0,1,a86f5a54-eff1-4f5d-9b2e-349e1cc43828,2022-09-07,d03f78d5-fc7b-4054-b44a-a107008ec4a7,0,1,0.34,0.39,0.33,0.56,1,0.91,0.85,2,1,0.0,0.33,0.33,0.33,0.5,450.0,2
449f7683-bce1-4db4-9b98-84172adb4043,0.82,1,0,92448531-9f96-42d9-ac70-6af697593e4c,2023-02-05,d6854ed6-042a-4f4b-82a9-cc0d77777b85,0,2,0.08,0.55,0.67,0.22,1,0.55,0.06,1,1,0.33,0.0,0.67,0.33,0.25,299.0,2
b7449b4e-b738-48c4-acdf-851aa29fbd28,0.5,2,1,9fe8a0d0-4431-4e2a-bb08-2e705818ce91,2020-10-25,2e057e3f-4a79-4044-b156-220129655284,0,0,0.71,0.29,0.11,0.89,0,0.18,0.4,1,1,0.67,0.33,0.0,0.0,0.25,1132.0,2
ca7feb9e-a880-4bad-bbbe-0adfc76b4e89,0.53,0,1,49c85d6e-56c4-4c9d-b77d-ac8293f89c9f,2022-08-25,747e64aa-aa57-4c65-810b-c1e247492c58,0,2,0.3,0.31,0.11,0.89,2,1.0,0.57,3,1,0.0,0.33,0.67,0.67,0.75,463.0,2
32967809-b049-45f5-9460-fe7d7e7520a0,0.51,0,2,c3eac751-fe07-4b70-adf5-2ff823de5446,2021-11-12,268afedc-fd61-4986-ad31-15e77e6fb4e8,0,0,0.21,0.47,0.56,0.33,0,0.09,0.66,3,1,0.0,0.67,0.0,0.0,0.75,749.0,2
940cb4a1-49ae-47b1-9185-14dd2d3bda46,0.19,2,2,514bc8d0-a02d-4065-a2ad-bdb58f7c8998,2021-11-18,f7d4b669-68b3-4f5c-8d11-43f6740d0c9e,0,1,0.33,0.93,0.56,0.89,0,0.91,0.83,1,1,0.67,0.67,0.33,0.0,0.25,743.0,2
308f6744-0a72-4896-861d-e4fc8e48f548,0.9,2,0,68b1be7c-8736-4af7-a4e3-5ddd7956679e,2021-07-30,c3244f56-5641-46e7-8ad0-e942dad96108,0,1,0.41,0.2,0.33,0.22,1,0.53,0.45,1,1,0.67,0.0,0.33,0.33,0.25,854.0,2
bdf0d341-54de-4fef-ae6c-7cc4bdc51ebb,0.76,1,0,03940fe5-c418-4dcb-826e-5ced2f8b101b,2023-03-19,ef66009e-ca68-4955-b35f-56332ea8ff5b,0,1,0.8,0.47,0.11,0.22,0,1.0,0.48,0,1,0.33,0.0,0.33,0.0,0.0,257.0,2
43c96141-3f9f-4afe-88a7-f97b4092df6d,0.77,0,0,934a50fb-9e1c-4dba-ae82-a17716261dce,2022-01-31,30ad1f6f-86ac-4bdd-9651-f2f9479e5ae1,0,0,0.07,0.44,0.0,0.11,2,0.27,0.83,2,0,0.0,0.0,0.0,0.67,0.5,669.0,2
386bce98-cd95-4447-ad32-4fb59771aa26,0.29,1,1,d1574cfe-d910-432e-a63b-0f3d835a11f3,2023-12-01,b4a07917-d031-4072-9edd-cb02410842fa,0,0,0.33,0.78,0.33,0.44,1,0.82,0.13,0,1,0.33,0.33,0.0,0.33,0.0,0.0,0
f74a1432-8e2d-4698-8c96-66b2430a9328,0.55,0,1,def1e372-ca85-4f1c-b598-02482905cdcb,2020-02-01,5320f5e4-197d-4dd7-a6cd-e8dee18da416,0,0,1.0,0.87,0.5,0.33,2,0.82,0.83,2,0,0.0,0.33,0.0,0.67,0.5,1399.0,2
b1fe6b0b-3242-4d84-b5be-660cb88802a3,0.03,1,2,4f6a3aed-77c3-460e-bed6-53ce2b416159,2020-01-14,28cc01cc-baeb-4145-aa82-bb5eb75c2473,0,0,0.06,0.47,0.0,0.67,1,0.36,0.3,2,0,0.33,0.67,0.0,0.33,0.5,1417.0,2
5c8cf4d6-71f4-46fe-ae6a-16163b7708ae,0.81,2,0,784159eb-7686-4ba7-a997-76ea87ad4a24,2021-06-16,f07fb954-689a-4cc9-9429-67ccc9cddef1,0,1,0.26,0.07,0.56,0.33,2,0.55,0.48,0,1,0.67,0.0,0.33,0.67,0.0,898.0,2
824898c2-a6b3-4777-b399-220598d98504,0.69,2,1,256bdddf-879e-4ce8-af47-833e9e871598,2020-11-24,572f34de-f7b9-4388-9889-c99282af942f,0,0,0.04,0.61,0.33,0.78,0,0.36,0.57,3,1,0.67,0.33,0.0,0.0,0.75,1102.0,2
8f25e25c-75c7-4eb7-b2e2-f708dee8ef13,0.34,1,0,638cded1-9504-4fc9-a1e1-09ee49388c8e,2020-01-03,495c76ec-35f1-4b80-86b5-b91558ffb2a5,0,2,0.86,0.92,0.0,0.67,0,0.0,0.58,0,0,0.33,0.0,0.67,0.0,0.0,1428.0,2
4981fd6b-8a09-42a1-9d88-f88c7f60c673,0.37,2,2,693dd5b0-a647-458e-a72c-aa728246cb5b,2022-12-27,0d745832-f670-4116-b82b-f4176ca6ea69,0,0,0.06,0.12,0.89,0.33,0,0.73,0.04,2,1,0.67,0.67,0.0,0.0,0.5,339.0,2
8a9cdec5-84eb-43e4-9d63-cd7df8d3f47f,0.13,1,1,cd146507-af38-4569-a7f6-978eed3e1ec8,2021-12-10,99948848-1472-44e6-969c-10687235949e,0,0,0.82,0.37,0.89,0.44,0,0.18,0.51,2,1,0.33,0.33,0.0,0.0,0.5,721.0,2
4e9207bc-a737-432e-ade8-51bf6c6abf59,0.61,2,2,5e502262-ef74-43f5-b6bc-cf07b4f8b556,2020-03-04,0d65c309-0ca4-4cec-9326-7687daefee55,0,2,0.44,0.64,0.11,0.22,2,0.91,0.79,0,1,0.67,0.67,0.67,0.67,0.0,1367.0,2
739f933e-71ec-4ceb-82c3-90104c664ecd,0.94,1,2,3de5fab2-7166-4d6e-9055-5ab991c61bc0,2020-06-02,0bfdff23-8951-44c1-a680-8b649f1cdfc5,0,1,0.52,0.87,0.78,0.67,1,0.27,0.98,2,1,0.33,0.67,0.33,0.33,0.5,1277.0,2
b62c9217-a621-4f0d-8bfe-4be016a65781,0.71,1,0,60a796c0-1125-471a-9e02-a528c19b674d,2020-01-23,73453e59-ec5c-402b-8b6f-bbb0ba7b8cd4,0,2,0.26,0.47,0.11,0.0,1,0.53,1.0,1,1,0.33,0.0,0.67,0.33,0.25,1408.0,2
,0.03,2,1,068eb445-4a52-47a8-ad51-b8810e68d7c3,2020-09-19,078d7ede-ba03-457b-9b30-f32653d83faa,0,1,0.48,0.61,0.44,0.0,2,0.36,0.26,1,1,0.67,0.33,0.33,0.67,0.25,1168.0,2
36051944-eba7-46c1-8b33-dd15e78aa79c,0.0,0,2,6eccdc66-f7ff-4338-be9d-92de304a7873,2022-06-24,991c7ddf-d92b-4618-9e60-2948b72623cd,0,1,0.64,0.56,0.56,0.78,1,0.09,0.38,2,1,0.0,0.67,0.33,0.33,0.5,525.0,2
71b3d331-14b7-4277-a50a-c15ea84ffd47,0.77,2,0,b4940511-4413-4bbd-b7e5-a0c69a78a16b,2022-06-01,b6d3d78a-9590-40cf-9624-b56f1ceadbd2,0,2,0.11,0.73,0.0,0.78,0,0.73,0.79,0,0,0.67,0.0,0.67,0.0,0.0,548.0,2
47ba8465-99b5-4b9a-8017-bf786bd7b0a0,0.27,1,0,c6d73a39-d057-42fc-afa2-b8fb1be44947,2020-04-01,3dc8d1d8-3c2b-4a2a-9e71-d73896d0f754,0,2,0.09,0.18,0.44,0.33,1,0.45,0.98,0,1,0.33,0.0,0.67,0.33,0.0,1339.0,2
33e6c117-37d2-4193-baca-204732bbd2e0,0.21,0,0,51068596-6e6f-4060-94ae-5b9ad876ba3a,2022-12-02,18d7a288-3fed-4c7d-8707-4c0a09f236ed,0,1,0.13,0.0,0.89,0.56,2,1.0,0.25,0,1,0.0,0.0,0.33,0.67,0.0,364.0,2
e8e5d496-005b-4f1a-98b3-5cdb0f5ccc62,0.1,2,1,7285c823-4a53-4545-a89e-e8f2707f5d9e,2023-06-08,4fc02f4b-04f5-4ddb-8f51-b1b3f3608632,0,2,0.4,0.0,0.0,0.78,1,0.27,0.98,2,0,0.67,0.33,0.67,0.33,0.5,176.0,2
1c33e057-59e9-4f94-bb29-30c195d56f63,0.18,1,2,,2022-01-18,6e576817-53a2-450e-b8b6-4da08d9bebef,0,2,0.08,0.41,0.67,0.44,2,0.64,0.91,0,1,0.33,0.67,0.67,0.67,0.0,682.0,2
a5a13694-808e-42bb-baee-4806cd83caae,0.77,2,0,44968953-8aa0-41bd-99fc-6922dcab2b44,2020-03-04,9ff6cb06-e84a-424f-b35d-6d44a22c2981,0,2,0.94,0.53,0.11,0.44,1,0.27,1.0,1,1,0.67,0.0,0.67,0.33,0.25,1367.0,2
2e875c55-0c0d-44ae-8e6f-49f2ffafc003,0.21,1,2,09c0270b-4a20-418c-9e65-a101d677c2fc,2021-12-05,3930fe3c-7fd7-4a10-9d44-51bf5f3e98bb,0,0,0.97,0.18,0.67,0.44,2,0.64,0.25,0,1,0.33,0.67,0.0,0.67,0.0,726.0,2
1dc5d429-8db4-4a6a-9f03-0f03a7199883,0.63,1,0,c5e76db8-35d3-4133-a3e7-3762eaaa12ca,2020-03-04,187a81f0-f639-45bb-bcb4-32db1d9a8ae7,0,0,0.5,0.26,0.56,0.56,0,0.0,0.08,3,1,0.33,0.0,0.0,0.0,0.75,1367.0,2
35159378-7566-4a5d-a1a5-0813c28b1c45,0.65,0,2,cd8c1d6a-6002-4c77-9463-ac1fa885a3bb,2023-09-19,30894adc-316e-4a47-8881-ad910954729e,0,0,0.9,0.04,0.89,0.78,0,0.27,0.75,3,1,0.0,0.67,0.0,0.0,0.75,73.0,2
d03d34c1-c8e2-41cc-8498-44c5aa0e13f8,0.03,2,2,0a83935d-7a7b-48da-99cb-8eda5dd18810,2022-04-27,ebefd254-c246-48b3-ba95-5851c98695e0,0,2,0.98,0.05,0.33,1.0,1,0.45,0.17,0,1,0.67,0.67,0.67,0.33,0.0,583.0,2
94c2c6d5-d76d-4ce7-bac3-d5be14f96380,0.79,2,1,b90cb452-6e82-43a7-b92b-ecbea71ef14a,2021-03-31,8e2e71d5-a4ae-4f76-9329-752621a89f57,0,2,0.06,0.57,0.22,0.11,2,0.82,0.96,2,1,0.67,0.33,0.67,0.67,0.5,975.0,2
9dce2c2a-456b-4780-bb40-4609fa9f4841,0.51,2,1,42dea906-902b-4c64-b16b-0d13e1720e05,2023-05-10,8f81ee5a-e085-4a27-b178-6443801e020a,0,0,0.21,0.16,1.0,0.56,1,0.55,0.6,1,1,0.67,0.33,0.0,0.33,0.25,205.0,2
70fa3e65-f990-4e05-8a09-2d316fa34d3e,0.58,0,2,695caef1-5072-4c92-ae95-8e1b421f0f25,2021-08-03,ea1fde12-7029-433c-b24f-7869b5990d3b,0,0,0.53,0.47,0.0,0.22,1,0.91,0.74,1,0,0.0,0.67,0.0,0.33,0.25,850.0,2
a8ca98ec-b243-433e-ac18-c68a6028a3cf,0.32,0,1,a2473e80-68af-4cda-b56b-1d1d6473eb00,2022-06-07,45180016-e2d8-41fd-b06c-b65dfbdf2eb5,0,0,0.39,0.05,0.22,0.22,1,0.36,0.25,0,1,0.0,0.33,0.0,0.33,0.0,542.0,2
3723c48a-9e2a-4846-a9da-c4ef3482a388,0.03,0,0,1ae603fe-fedf-4e0e-b6b2-ad0bedaaf9c2,2021-01-01,2cc21f2c-96c1-4f41-b4a7-bc457085f42d,0,1,0.62,0.34,0.89,0.48,1,0.18,1.0,2,1,0.0,0.0,0.33,0.33,0.5,1064.0,2
c78f3732-b157-45e1-88f5-498f7097199f,0.68,0,1,e3de3cc5-88bd-41e4-8339-7e8df400f748,2022-03-13,a8114972-5fd2-48c3-a35c-0dc6835e9309,0,2,0.3,0.71,0.56,0.0,2,1.0,0.34,1,1,0.0,0.33,0.67,0.67,0.25,628.0,2
aef13fac-d2b7-471a-b27f-95ae6502145b,0.74,2,2,7e7a6a4d-29ed-4dbf-b228-3b1cc5e7bfc2,2022-09-29,ee07d4f7-311a-4c20-8713-4fc9b28cbb5f,0,1,0.1,0.88,1.0,0.56,0,0.82,0.77,2,1,0.67,0.67,0.33,0.0,0.5,428.0,2
cb17ec0a-d0cc-406c-8e03-ac7eb1fff36e,0.89,0,2,90b3eb61-550e-4564-a1c9-3852bed23d7e,2021-05-12,ffc7e990-37bb-4700-a9cf-8a93de8b2209,0,2,0.35,0.23,0.22,0.67,2,0.53,0.87,2,1,0.0,0.67,0.67,0.67,0.5,933.0,2
0018cd02-5c53-4137-8a27-d54c947f193a,0.87,3,1,3d67277c-e7e3-4a50-a4aa-dff35e983470,2020-02-20,cd59c393-7865-49ff-a903-4225f71edfa8,0,3,0.63,0.25,0.5,0.67,2,0.82,0.28,0,0,1.0,0.33,1.0,0.67,0.0,1380.0,2
e14a1a22-23d2-4b93-8fbb-541422c62e26,0.52,0,2,fffb398d-d73b-4958-b53f-a90e2eeaa4c0,2023-04-27,ddc804b4-27e4-4e0c-a242-d97800f1d2c2,0,0,0.93,0.15,0.0,0.22,0,1.0,0.43,0,0,0.0,0.67,0.0,0.0,0.0,218.0,2
8e9f3e5f-710d-43f2-b6ac-c99b0c94c7fc,0.21,1,2,edec3b52-b032-43c4-a838-261877fb0b7f,2021-01-12,b0ba060f-4681-4a4e-af4a-6a381244f186,0,2,0.39,0.73,0.33,0.22,2,0.53,0.0,0,1,0.33,0.67,0.67,0.67,0.0,1053.0,2
6bb3d967-c45a-45c6-a4b8-ae4526067f07,0.37,2,1,957df162-e038-42ce-b4c5-8da85d7080c7,2020-09-18,517ca28d-c4e0-42cf-bc14-c28c7abb5ee4,0,2,0.43,0.43,0.89,0.89,0,0.0,0.66,1,1,0.67,0.33,0.67,0.0,0.25,1169.0,2
0fad9f13-1b8d-4af8-8ea0-7c284c685c31,0.32,0,1,ecf31e93-12c0-48ed-ac8f-26c12ae4d8fb,2023-09-12,c3a03611-c335-475e-9dff-6acea3309539,0,1,0.9,0.05,0.5,0.0,2,0.64,0.85,1,0,0.0,0.33,0.33,0.67,0.25,80.0,2
16776324-340f-494f-89d8-48fef26490a9,0.56,0,1,37d06a6b-7653-406d-8dd2-9161e97a2b28,2022-02-10,ec3fae29-fcba-495b-ae75-4b1013efea37,0,0,0.92,0.58,0.56,0.48,0,0.82,0.81,3,1,0.0,0.33,0.0,0.0,0.75,659.0,2
39057e78-8e46-471a-bdc8-decd838e20c0,0.4,2,1,0a65aa6c-69ef-43aa-9000-6dea55fb1177,2021-01-27,bd10ee98-2428-4518-9191-e8a34f8f7e4e,0,2,0.11,0.81,0.5,0.33,0,0.36,0.38,0,0,0.67,0.33,0.67,0.0,0.0,1038.0,2
f03deba0-0af0-43c6-aa8b-41e526336191,0.32,1,0,9d28f6b9-3f4b-4467-b73b-4120db49de66,2020-10-15,5f3487b2-2541-4a62-8ce9-c88f6fbf7dd1,0,2,0.76,0.96,0.11,0.11,1,1.0,0.09,2,1,0.33,0.0,0.67,0.33,0.5,1142.0,2
0c922c19-8b78-4b85-ae75-48a3c4dbd03e,0.31,1,2,80630c86-39c6-4e2c-a688-fe5214fbd3d0,2020-03-04,43a04190-bb8e-497c-a534-3e9bb50aa63f,0,1,0.53,0.07,0.22,0.22,1,0.27,0.34,0,1,0.33,0.67,0.33,0.33,0.0,1367.0,2
84e1f0b7-dd32-47c3-a8f4-6b735409b165,0.98,2,0,543a24ef-8691-4d27-9024-da936713c4bb,2023-03-23,f0df0dbd-f383-4d75-899c-578c2906bd93,0,2,0.49,0.32,0.89,0.11,2,0.09,0.32,2,1,0.67,0.0,0.67,0.67,0.5,253.0,2
0e2dde5a-acbf-4fed-861a-971a46882c43,0.29,0,2,53d3b794-e0ec-495a-af7d-dc2f9c3b5e32,2022-09-09,7c148676-d28c-4962-bd3a-7a2847e8433d,0,1,0.23,0.99,0.22,0.0,1,0.45,0.83,1,1,0.0,0.67,0.33,0.33,0.25,448.0,2
5accb356-f8a7-42c3-8dc5-a97fe338655d,0.11,0,0,,2021-11-07,0a9e39e9-b9fd-480a-b5ec-c03c11267262,0,2,0.02,0.28,0.5,0.11,1,0.55,0.19,2,0,0.0,0.0,0.67,0.33,0.5,754.0,2
,0.32,0,0,281aae93-242e-46b1-b96f-ad6ef402cc4c,2020-04-11,ce5698cf-4e7b-456f-8b2f-634413276848,0,2,0.14,0.91,0.44,0.78,2,0.91,0.04,1,1,0.0,0.0,0.67,0.67,0.25,1329.0,2
e2fd2759-d77e-4968-a735-54fc6d71d782,0.98,2,2,6e5f6168-82fc-4a8f-a986-29e482018629,2021-05-04,3410f101-2173-4eec-b6d0-1996e779c7a4,0,1,0.21,0.04,0.5,0.89,0,0.45,0.02,0,0,0.67,0.67,0.33,0.0,0.0,941.0,2
f399e2d7-ebbf-4a88-b5ff-04161d71797e,0.15,1,0,87b82abe-fb76-4033-b381-17999b0e2375,2020-05-17,13ec36ee-0658-45eb-a4a4-6c458a6a9d12,0,2,0.81,0.68,0.89,0.78,1,1.0,0.79,1,1,0.33,0.0,0.67,0.33,0.25,1293.0,2
1005d9e3-2274-4efe-9d4b-5490ac5d8e43,0.42,1,2,3d4f42bf-ef29-4bec-a181-7a76fba28f70,2020-03-04,e54a0eaf-35f5-42f6-887e-443e3062b113,0,2,0.11,0.07,0.44,1.0,1,0.91,0.32,1,1,0.33,0.67,0.67,0.33,0.25,1367.0,2
07c94a26-ceed-4e7e-91d9-79445d0afebb,0.32,0,2,d3a50354-c836-4ebd-aa2b-db17a55b6016,2020-08-29,,0,0,0.11,0.47,0.89,0.48,2,0.53,0.19,2,1,0.0,0.67,0.0,0.67,0.5,1189.0,2
a3beaca1-693a-4d99-ae26-358c5aab7f82,0.98,2,0,d4ee04bc-acf4-4707-9140-5da9f00bb9da,2023-11-17,b6f60674-e170-4605-974d-36ebba22630f,0,2,0.1,0.2,0.22,0.22,2,0.82,0.64,1,1,0.67,0.0,0.67,0.67,0.25,14.0,0
9837bb15-3beb-4114-af01-5bc095b33338,0.81,0,1,,2020-04-05,3b6c07e3-09be-4f32-83c3-41f9c49c5d05,0,2,0.98,0.8,0.22,0.0,2,0.64,0.09,1,1,0.0,0.33,0.67,0.67,0.25,1335.0,2
2c4dd8c9-df00-44c9-a64b-35b5eff72182,0.35,0,2,be3feaae-b53d-4054-a54c-5e9ee133237b,2021-04-22,6e72bae9-8048-4bd5-b509-f41e95a7941c,0,2,0.08,0.54,0.56,0.0,1,0.53,0.68,1,1,0.0,0.67,0.67,0.33,0.25,953.0,2
4279ef13-e3d0-450f-b962-ab7a162e736f,0.45,1,2,2af33bf4-92c3-44db-8f7d-30382ee2f1e4,2021-10-08,138e6516-b4fa-4dbc-9527-fecd78398218,0,2,0.71,0.32,0.56,0.89,1,0.36,0.19,3,1,0.33,0.67,0.67,0.33,0.75,784.0,2
6341c059-c418-4fb6-a141-0c0d1c878f09,0.23,0,2,93ec7bbc-d226-4165-ad5d-25b983bd916a,2022-06-14,1b06c733-d671-4aea-84e5-1a62ea4acc9c,0,2,0.34,0.59,0.0,0.22,1,0.09,0.34,2,0,0.0,0.67,0.67,0.33,0.5,535.0,2
45da4cc2-ae15-4245-b98f-8fdd0a40c44c,0.85,2,1,0c94e6bc-0343-42e4-bf72-1d71e3ef5e7b,2023-08-25,da00e04e-eaba-4f4c-8393-27e3166ad334,0,2,0.0,0.55,0.0,0.78,1,0.27,0.19,1,0,0.67,0.33,0.67,0.33,0.25,98.0,2
5aa23c2d-75ce-4a5d-a7bb-3cab375f5cb2,0.32,2,0,b8e9a02b-59cb-4398-9464-971dd43e4f01,2022-06-24,ec315d00-8320-43f8-a4d7-89e6fb05f8a2,0,2,0.18,0.73,0.0,0.11,1,0.73,0.58,3,0,0.67,0.0,0.67,0.33,0.75,525.0,2
5e9e51b8-1a5b-4308-9039-9c074f31dcd2,0.61,0,1,43ba1d45-84d4-444e-89ff-2fee2f3191ea,2023-05-21,feb744cd-a56d-430a-bc5c-2162b0b56070,0,2,0.44,0.2,0.78,0.22,2,0.27,0.11,1,1,0.0,0.33,0.67,0.67,0.25,194.0,2
4f685769-86d6-45c5-9197-ed42011fc288,0.24,2,2,8e7e286c-6de3-4b2a-bfbe-264cfbed8309,2021-08-27,d42dcaa0-0f77-4762-8f91-78f096f6d911,0,0,0.21,0.33,0.33,0.67,1,0.0,0.06,1,1,0.67,0.67,0.0,0.33,0.25,826.0,2
cdd2e1fe-331a-49b3-9336-e7bee5511288,0.81,2,0,088783e9-9511-4277-94f0-63b691bcdff1,2023-09-09,ad39b3fc-7843-4bfc-8275-80a1fd875d68,0,2,0.62,0.58,0.78,0.0,1,0.82,0.58,0,1,0.67,0.0,0.67,0.33,0.0,83.0,2
6c90f549-aa2b-49a5-aa79-c6e2237bbda3,0.35,1,2,8965b765-e367-4901-b18d-8e0d9c95ae61,2020-10-22,7f45bfbf-87d0-49f7-9a69-a7f21b5b2d72,0,2,0.15,0.95,0.78,0.67,2,0.36,0.38,1,1,0.33,0.67,0.67,0.67,0.25,1135.0,2
8acfc317-3814-4fdc-99a9-12508fb2b1e8,0.44,1,2,998da38e-4e8f-4428-932b-4902e3967349,2021-08-26,0e66682d-f073-431b-b57e-1cf62415a179,0,1,0.12,0.78,0.0,0.0,0,0.91,0.48,1,0,0.33,0.67,0.33,0.0,0.25,827.0,2
d3b5d17b-fecd-4098-a38e-d60bbd623950,0.51,2,1,129f13a7-d564-4c01-a560-f7ae19d7ac12,2020-07-28,bda66448-bb04-44cb-bcdc-c1dc133e80b4,0,1,0.81,0.16,0.78,0.78,1,0.64,0.62,0,1,0.67,0.33,0.33,0.33,0.0,1221.0,2
b5511e38-8a08-418a-b9e8-bb990d06aa73,0.84,1,0,13ee8c7b-1899-4c79-a42e-798da37ebded,2020-08-10,f329a7d4-f465-48bd-9288-6a3a1ec5edd7,0,0,0.56,0.92,0.78,0.48,2,0.73,0.58,1,1,0.33,0.0,0.0,0.67,0.25,1208.0,2
25666f0c-7c97-4ce7-aa17-5533ad45d291,0.16,2,0,49dea1f7-b406-4095-803f-a8a66ebaa450,2022-10-19,8808b061-0c14-45f0-a90e-70b279af9d53,0,1,0.27,0.59,0.33,0.22,1,0.36,0.4,1,1,0.67,0.0,0.33,0.33,0.25,408.0,2
ce940a05-2464-4f0b-bfe5-f0f42cc694fb,0.31,1,0,c08898b0-ca5a-4a16-bf40-94f9beaf50d0,2021-08-15,e9cc278f-eea9-46ec-8ffb-3586d805bf76,0,0,0.12,0.28,0.5,0.89,0,0.82,0.15,2,0,0.33,0.0,0.0,0.0,0.5,838.0,2
93e4ecab-4623-49d5-b677-215639477674,0.73,2,1,6c49b0b7-3761-4c86-891c-638979d438c9,2022-12-29,1effc8b0-ef72-460f-b533-37f99982bea7,0,1,0.24,0.68,0.11,0.11,2,0.0,0.47,1,1,0.67,0.33,0.33,0.67,0.25,337.0,2
9e577fd4-f3e1-4fad-9ba0-0787608649f4,0.16,1,0,cd038995-3812-494b-876f-925ebf442238,2020-09-16,3a078d7a-56f1-4c59-baac-e700856e3bfc,0,2,0.61,0.52,0.67,0.48,1,1.0,0.75,0,1,0.33,0.0,0.67,0.33,0.0,1171.0,2
53803145-c8e2-4f42-8958-baabcd22b551,0.08,1,2,be847b67-2dfc-47b9-8049-be0b45a19f48,2022-12-09,5d09d1da-4685-4c3a-be84-ccc236a149f1,0,2,0.57,0.41,0.89,0.67,1,0.53,0.38,1,1,0.33,0.67,0.67,0.33,0.25,357.0,2
ffacbffd-c7b0-4e74-addb-ed5f449bf795,0.68,1,1,48f4a06d-caaf-44df-92d3-9c046bc89cbf,2020-12-14,b74a1ee0-99df-4001-9e86-ce61f7656824,0,0,0.26,0.36,1.0,0.0,0,0.0,0.34,0,1,0.33,0.33,0.0,0.0,0.0,1082.0,2
ad94ad53-31a3-4223-b900-1fe5239aac1d,0.66,0,1,f519cd98-eca9-4b22-acf0-d97b1cfa86c7,2023-04-01,066533db-c0c7-4964-81dd-acbe0c74e177,0,2,0.01,0.42,0.33,0.44,2,0.82,0.36,1,1,0.0,0.33,0.67,0.67,0.25,244.0,2
ae452c82-be49-4f19-a735-5508e05eb37d,0.52,0,1,320e2200-fd01-4137-9cda-4131bf469c1b,2022-07-17,d7a7e74a-bc19-4b4f-b8c8-60ce07797a4c,0,1,0.06,0.35,0.67,1.0,2,0.18,0.64,3,1,0.0,0.33,0.33,0.67,0.75,502.0,2
0a4d6275-f4c9-479d-848e-9ae19eb136fc,0.32,2,2,d9f9dd67-3826-46ac-aab8-64fb8f7d636d,2020-12-08,002c5e15-47ab-452a-aa2e-b03146bc9462,0,1,0.57,0.15,0.56,0.22,1,0.91,0.48,1,1,0.67,0.67,0.33,0.33,0.25,1088.0,2
62c73378-cfbf-4896-9243-61de7de9acc7,0.31,1,0,adf48b82-b240-4827-b03a-c8d37a8d3e4c,2020-10-05,3ce3fd4f-4a0e-4c99-abbe-a4926ad76e9e,0,0,0.44,0.47,0.0,1.0,2,0.53,0.77,2,0,0.33,0.0,0.0,0.67,0.5,1152.0,2
53c5fb01-3ee3-4cad-beab-fcfa3c03bfe3,0.63,0,1,16642cb2-49d1-43ee-a37e-0c59a14bfc50,2022-08-25,41cf36ca-c19d-4fee-b894-68b5afcf186d,0,2,0.24,0.57,1.0,0.78,0,0.36,0.38,3,1,0.0,0.33,0.67,0.0,0.75,463.0,2
,0.84,0,1,776be313-5308-468e-a0ed-7409a4303364,2023-03-17,1802f115-80d8-48fd-ad97-94038fe31b82,0,2,0.35,0.92,0.11,0.44,1,0.36,0.32,3,1,0.0,0.33,0.67,0.33,0.75,259.0,2
